time,lat,lon,hMSL,velN,velE,velD,hAcc,vAcc,sAcc,gpsFix,numSV
,(deg),(deg),(m),(m/s),(m/s),(m/s),(m),(m),(m/s),,,
2017-06-05T08:02:19.40Z,61.8849391,6.8325482,1001.463,-0.11,0.01,-0.31,33.400,65.743,5.02,3,7
2017-06-05T08:02:19.60Z,61.8849425,6.8325602,1001.445,-0.10,-0.01,-0.23,24.540,33.581,1.72,3,7
2017-06-05T08:02:20.00Z,61.8849415,6.8325584,1002.165,0.00,0.03,-0.01,14.506,24.415,0.19,3,7
2017-06-05T08:02:20.20Z,61.8849306,6.8325642,1003.144,0.01,0.03,0.01,10.744,18.778,0.14,3,8
2017-06-05T08:02:20.40Z,61.8849242,6.8325665,1001.435,-0.25,-0.09,0.21,8.208,14.714,0.20,3,8
2017-06-05T08:02:20.60Z,61.8849178,6.8325739,1002.056,0.09,0.23,0.15,6.545,11.867,0.15,3,8
2017-06-05T08:02:20.80Z,61.8849143,6.8325775,1002.909,0.06,0.02,0.16,5.345,9.760,0.22,3,8
2017-06-05T08:02:21.00Z,61.8849140,6.8325693,1002.081,0.14,-0.16,0.07,4.306,7.920,0.14,3,8
2017-06-05T08:02:21.20Z,61.8849143,6.8325609,998.055,0.10,-0.14,0.08,3.571,6.609,0.15,3,8
2017-06-05T08:02:21.40Z,61.8849113,6.8325546,994.611,-0.02,-0.13,0.14,3.051,5.629,0.19,3,8
2017-06-05T08:02:21.60Z,61.8849110,6.8325543,992.763,0.03,-0.08,0.12,2.682,4.911,0.18,3,8
2017-06-05T08:02:21.80Z,61.8849151,6.8325611,992.590,0.04,-0.03,0.10,2.405,4.367,0.19,3,8
2017-06-05T08:02:22.00Z,61.8849165,6.8325690,992.413,0.04,-0.07,0.06,2.190,3.950,0.16,3,8
2017-06-05T08:02:22.20Z,61.8849170,6.8325728,992.351,0.03,-0.03,0.05,2.016,3.614,0.16,3,8
2017-06-05T08:02:22.40Z,61.8849184,6.8325782,992.740,0.03,0.04,0.09,1.876,3.368,0.18,3,8
2017-06-05T08:02:22.60Z,61.8849192,6.8325803,993.321,0.04,0.08,0.08,1.760,3.170,0.16,3,8
2017-06-05T08:02:22.80Z,61.8849200,6.8325803,993.346,0.07,0.04,0.08,1.664,2.999,0.18,3,8
2017-06-05T08:02:23.00Z,61.8849194,6.8325808,992.956,0.04,0.03,0.04,1.581,2.848,0.18,3,8
2017-06-05T08:02:23.20Z,61.8849187,6.8325789,992.756,0.02,0.05,0.01,1.508,2.718,0.15,3,8
2017-06-05T08:02:23.40Z,61.8849172,6.8325762,992.381,0.03,-0.03,0.01,1.445,2.603,0.14,3,8
2017-06-05T08:02:23.60Z,61.8849158,6.8325747,992.151,-0.19,0.11,0.08,1.387,2.496,0.12,3,8
2017-06-05T08:02:23.80Z,61.8849158,6.8325748,992.291,0.03,0.23,0.04,1.334,2.395,0.10,3,8
2017-06-05T08:02:24.00Z,61.8849163,6.8325738,992.461,0.04,-0.01,0.05,1.287,2.308,0.19,3,8
2017-06-05T08:02:24.20Z,61.8849168,6.8325727,992.602,0.13,0.03,-0.03,1.245,2.230,0.14,3,8
2017-06-05T08:02:24.40Z,61.8849170,6.8325717,992.718,0.05,0.06,-0.02,1.206,2.156,0.15,3,8
2017-06-05T08:02:24.60Z,61.8849174,6.8325711,992.806,0.13,0.10,0.00,1.171,2.090,0.13,3,8
2017-06-05T08:02:24.80Z,61.8849177,6.8325708,992.828,0.00,0.01,0.02,1.138,2.029,0.18,3,8
2017-06-05T08:02:25.00Z,61.8849180,6.8325706,992.818,-0.12,0.01,0.08,1.109,1.974,0.16,3,8
2017-06-05T08:02:25.20Z,61.8849181,6.8325703,992.821,-0.13,0.01,0.02,1.081,1.923,0.15,3,8
2017-06-05T08:02:25.40Z,61.8849180,6.8325701,992.810,-0.14,0.00,0.04,1.056,1.876,0.15,3,8
2017-06-05T08:02:25.60Z,61.8849179,6.8325704,992.855,-0.08,0.06,0.10,1.033,1.834,0.15,3,8
2017-06-05T08:02:25.80Z,61.8849181,6.8325706,992.953,0.00,0.01,0.00,1.012,1.798,0.11,3,8
2017-06-05T08:02:26.00Z,61.8849185,6.8325709,993.033,0.14,-0.01,0.02,0.992,1.765,0.14,3,8
2017-06-05T08:02:26.20Z,61.8849186,6.8325710,993.100,0.14,-0.01,-0.03,0.973,1.731,0.15,3,8
2017-06-05T08:02:26.40Z,61.8849184,6.8325708,993.118,0.03,-0.06,0.00,0.955,1.698,0.11,3,8
2017-06-05T08:02:26.60Z,61.8849180,6.8325707,993.127,-0.01,-0.04,0.02,0.938,1.666,0.14,3,8
2017-06-05T08:02:26.80Z,61.8849177,6.8325706,993.153,0.04,0.00,0.04,0.922,1.637,0.16,3,8
2017-06-05T08:02:27.00Z,61.8849174,6.8325704,993.188,0.07,-0.03,-0.02,0.906,1.608,0.12,3,8
2017-06-05T08:02:27.20Z,61.8849170,6.8325702,993.199,-0.03,-0.03,0.00,0.892,1.581,0.14,3,8
2017-06-05T08:02:27.40Z,61.8849165,6.8325702,993.194,-0.11,0.02,0.08,0.879,1.556,0.13,3,8
2017-06-05T08:02:27.60Z,61.8849161,6.8325703,993.227,-0.04,0.04,0.06,0.867,1.533,0.15,3,8
2017-06-05T08:02:27.80Z,61.8849159,6.8325705,993.282,-0.02,0.06,0.05,0.856,1.511,0.14,3,8
2017-06-05T08:02:28.00Z,61.8849158,6.8325710,993.335,-0.03,0.11,0.11,0.846,1.493,0.16,3,8
2017-06-05T08:02:28.20Z,61.8849160,6.8325717,993.387,0.11,0.20,0.06,0.836,1.475,0.13,3,8
2017-06-05T08:02:28.40Z,61.8849159,6.8325722,993.387,0.01,0.15,0.13,0.827,1.457,0.14,3,8
2017-06-05T08:02:28.60Z,61.8849157,6.8325724,993.400,-0.12,0.11,0.09,0.820,1.442,0.13,3,8
2017-06-05T08:02:28.80Z,61.8849156,6.8325729,993.433,-0.14,0.11,0.04,0.814,1.428,0.13,3,8
2017-06-05T08:02:29.00Z,61.8849151,6.8325734,993.416,-0.29,0.14,0.21,0.809,1.417,0.15,3,7
2017-06-05T08:02:29.20Z,61.8849148,6.8325746,993.402,-0.18,0.31,0.22,0.804,1.406,0.14,3,7
2017-06-05T08:02:29.40Z,61.8849146,6.8325757,993.347,-0.14,0.28,0.34,0.800,1.396,0.15,3,8
2017-06-05T08:02:29.60Z,61.8849146,6.8325763,993.296,0.01,0.22,0.27,0.797,1.388,0.18,3,7
2017-06-05T08:02:29.80Z,61.8849142,6.8325767,993.317,-0.16,0.15,0.11,0.794,1.382,0.16,3,8
2017-06-05T08:02:30.00Z,61.8849141,6.8325764,993.373,-0.02,-0.04,-0.05,0.791,1.375,0.19,3,8
2017-06-05T08:02:30.20Z,61.8849140,6.8325759,993.414,0.02,-0.08,-0.12,0.788,1.368,0.19,3,8
2017-06-05T08:02:30.40Z,61.8849139,6.8325762,993.420,0.08,0.05,0.06,0.784,1.360,0.18,3,8
2017-06-05T08:02:30.60Z,61.8849137,6.8325763,993.407,-0.05,0.03,0.09,0.781,1.354,0.21,3,8
2017-06-05T08:02:30.80Z,61.8849135,6.8325757,993.466,-0.03,-0.15,-0.14,0.778,1.348,0.17,3,8
2017-06-05T08:02:31.00Z,61.8849130,6.8325748,993.583,-0.14,-0.30,-0.32,0.774,1.341,0.16,3,8
2017-06-05T08:02:31.20Z,61.8849130,6.8325732,993.696,0.04,-0.41,-0.52,0.770,1.332,0.17,3,8
2017-06-05T08:02:31.40Z,61.8849130,6.8325716,993.834,0.20,-0.49,-0.33,0.763,1.319,0.13,3,8
2017-06-05T08:02:31.60Z,61.8849128,6.8325716,994.001,0.18,-0.16,-0.17,0.756,1.307,0.14,3,8
2017-06-05T08:02:31.80Z,61.8849129,6.8325720,993.998,0.15,0.11,0.00,0.750,1.296,0.15,3,8
2017-06-05T08:02:32.00Z,61.8849124,6.8325738,993.978,-0.05,0.49,0.09,0.744,1.285,0.13,3,8
2017-06-05T08:02:32.20Z,61.8849126,6.8325767,994.101,0.06,0.64,-0.12,0.738,1.272,0.12,3,8
2017-06-05T08:02:32.40Z,61.8849124,6.8325778,994.156,-0.11,0.30,-0.09,0.731,1.260,0.12,3,8
2017-06-05T08:02:32.60Z,61.8849123,6.8325784,994.235,-0.04,0.11,0.01,0.725,1.249,0.10,3,8
2017-06-05T08:02:32.80Z,61.8849123,6.8325784,994.301,-0.08,-0.03,-0.04,0.720,1.238,0.14,3,8
2017-06-05T08:02:33.00Z,61.8849120,6.8325773,994.250,-0.33,-0.20,0.07,0.714,1.228,0.15,3,8
2017-06-05T08:02:33.20Z,61.8849120,6.8325774,994.351,-0.10,0.04,-0.10,0.709,1.218,0.16,3,8
2017-06-05T08:02:33.40Z,61.8849108,6.8325778,994.322,-0.63,0.13,0.27,0.704,1.208,0.16,3,8
2017-06-05T08:02:33.60Z,61.8849098,6.8325783,994.202,-0.57,0.21,0.65,0.700,1.200,0.15,3,8
2017-06-05T08:02:33.80Z,61.8849094,6.8325784,994.043,-0.31,0.09,0.67,0.695,1.192,0.19,3,8
2017-06-05T08:02:34.00Z,61.8849092,6.8325785,994.008,-0.14,0.02,0.24,0.692,1.184,0.18,3,8
2017-06-05T08:02:34.20Z,61.8849091,6.8325787,993.983,-0.09,0.03,0.07,0.688,1.177,0.15,3,8
2017-06-05T08:02:34.40Z,61.8849092,6.8325791,993.978,0.02,0.07,-0.03,0.685,1.170,0.12,3,8
2017-06-05T08:02:34.60Z,61.8849094,6.8325792,993.956,0.09,0.02,0.02,0.682,1.163,0.15,3,8
2017-06-05T08:02:34.80Z,61.8849100,6.8325792,993.960,0.29,-0.01,-0.06,0.678,1.156,0.16,3,8
2017-06-05T08:02:35.00Z,61.8849101,6.8325793,993.987,0.07,-0.03,0.01,0.674,1.149,0.14,3,8
2017-06-05T08:02:35.20Z,61.8849103,6.8325793,994.011,0.03,-0.05,0.04,0.670,1.141,0.15,3,8
2017-06-05T08:02:35.40Z,61.8849106,6.8325794,994.037,0.01,-0.03,0.02,0.665,1.134,0.13,3,8
2017-06-05T08:02:35.60Z,61.8849110,6.8325795,994.065,-0.02,-0.03,0.01,0.661,1.127,0.12,3,8
2017-06-05T08:02:35.80Z,61.8849111,6.8325798,994.119,-0.02,0.00,0.08,0.657,1.121,0.21,3,8
2017-06-05T08:02:36.00Z,61.8849112,6.8325801,994.209,0.03,0.00,0.02,0.654,1.116,0.16,3,8
2017-06-05T08:02:36.20Z,61.8849114,6.8325806,994.253,0.01,0.07,0.03,0.650,1.110,0.13,3,8
2017-06-05T08:02:36.40Z,61.8849117,6.8325808,994.294,0.05,0.00,-0.05,0.647,1.104,0.16,3,8
2017-06-05T08:02:36.60Z,61.8849120,6.8325812,994.347,0.03,0.01,-0.13,0.643,1.096,0.16,3,8
2017-06-05T08:02:36.80Z,61.8849124,6.8325812,994.478,0.17,-0.08,-0.42,0.640,1.091,0.19,3,8
2017-06-05T08:02:37.00Z,61.8849130,6.8325812,994.557,0.25,-0.08,-0.32,0.636,1.084,0.14,3,8
2017-06-05T08:02:37.20Z,61.8849137,6.8325819,994.709,0.37,0.14,-0.50,0.633,1.078,0.17,3,8
2017-06-05T08:02:37.40Z,61.8849139,6.8325823,994.690,0.02,0.05,-0.11,0.630,1.072,0.18,3,8
2017-06-05T08:02:37.60Z,61.8849143,6.8325820,994.678,0.13,-0.12,-0.03,0.627,1.066,0.12,3,8
2017-06-05T08:02:37.80Z,61.8849144,6.8325814,994.666,-0.03,-0.20,0.09,0.623,1.060,0.12,3,8
2017-06-05T08:02:38.00Z,61.8849145,6.8325816,994.712,-0.05,0.03,0.03,0.620,1.055,0.13,3,8
2017-06-05T08:02:38.20Z,61.8849147,6.8325818,994.724,-0.01,0.05,0.13,0.617,1.049,0.19,3,8
2017-06-05T08:02:38.40Z,61.8849149,6.8325827,994.764,-0.03,0.22,0.07,0.614,1.044,0.12,3,8
2017-06-05T08:02:38.60Z,61.8849152,6.8325827,994.838,0.02,0.02,-0.10,0.611,1.039,0.18,3,8
2017-06-05T08:02:38.80Z,61.8849157,6.8325824,994.921,0.16,-0.08,-0.16,0.609,1.035,0.17,3,8
2017-06-05T08:02:39.00Z,61.8849157,6.8325817,994.980,-0.06,-0.15,-0.03,0.606,1.031,0.13,3,8
2017-06-05T08:02:39.20Z,61.8849158,6.8325815,995.060,-0.03,-0.02,-0.03,0.603,1.026,0.17,3,8
2017-06-05T08:02:39.40Z,61.8849160,6.8325816,995.106,0.04,0.05,0.06,0.600,1.021,0.16,3,8
2017-06-05T08:02:39.60Z,61.8849163,6.8325819,995.167,0.15,0.11,-0.07,0.598,1.018,0.18,3,8
2017-06-05T08:02:39.80Z,61.8849166,6.8325814,995.197,0.16,-0.11,-0.09,0.596,1.014,0.14,3,8
2017-06-05T08:02:40.00Z,61.8849170,6.8325807,995.240,0.14,-0.15,-0.03,0.593,1.009,0.11,3,8
2017-06-05T08:02:40.20Z,61.8849173,6.8325802,995.279,0.08,-0.12,0.00,0.591,1.005,0.11,3,8
2017-06-05T08:02:40.40Z,61.8849177,6.8325803,995.296,0.08,0.01,0.05,0.589,1.000,0.15,3,8
2017-06-05T08:02:40.60Z,61.8849179,6.8325804,995.290,0.08,0.00,0.03,0.588,0.997,0.17,3,8
2017-06-05T08:02:40.80Z,61.8849186,6.8325809,995.337,0.21,0.11,-0.04,0.588,0.994,0.19,3,8
2017-06-05T08:02:41.00Z,61.8849189,6.8325810,995.372,0.01,0.03,0.01,0.587,0.991,0.15,3,8
2017-06-05T08:02:41.20Z,61.8849184,6.8325814,995.322,-0.34,0.08,0.12,0.586,0.988,0.17,3,8
2017-06-05T08:02:41.40Z,61.8849188,6.8325815,995.398,-0.05,0.03,-0.07,0.584,0.983,0.15,3,8
2017-06-05T08:02:41.60Z,61.8849189,6.8325817,995.453,-0.15,0.08,0.01,0.581,0.979,0.11,3,8
2017-06-05T08:02:41.80Z,61.8849184,6.8325816,995.396,-0.34,0.00,0.15,0.580,0.976,0.18,3,8
2017-06-05T08:02:42.00Z,61.8849185,6.8325818,995.469,-0.01,0.09,-0.05,0.578,0.973,0.13,3,8
2017-06-05T08:02:42.20Z,61.8849186,6.8325816,995.520,-0.03,-0.04,-0.04,0.575,0.969,0.16,3,8
2017-06-05T08:02:42.40Z,61.8849187,6.8325813,995.563,-0.03,-0.03,-0.01,0.573,0.965,0.12,3,9
2017-06-05T08:02:42.60Z,61.8849188,6.8325811,995.601,0.03,-0.04,0.01,0.571,0.961,0.11,3,9
2017-06-05T08:02:42.80Z,61.8849190,6.8325810,995.634,-0.01,-0.02,-0.04,0.569,0.958,0.17,3,9
2017-06-05T08:02:43.00Z,61.8849191,6.8325810,995.696,-0.01,-0.01,-0.05,0.567,0.955,0.19,3,9
2017-06-05T08:02:43.20Z,61.8849191,6.8325808,995.758,-0.02,-0.04,-0.02,0.565,0.952,0.12,3,9
2017-06-05T08:02:43.40Z,61.8849192,6.8325807,995.834,0.01,0.00,0.03,0.563,0.949,0.18,3,9
2017-06-05T08:02:43.60Z,61.8849192,6.8325806,995.906,-0.03,-0.01,-0.02,0.562,0.946,0.14,3,9
2017-06-05T08:02:43.80Z,61.8849193,6.8325804,995.953,0.01,-0.09,-0.03,0.560,0.943,0.12,3,9
2017-06-05T08:02:44.00Z,61.8849194,6.8325798,996.030,0.03,-0.13,-0.02,0.558,0.940,0.11,3,9
2017-06-05T08:02:44.20Z,61.8849195,6.8325793,996.082,0.03,-0.13,0.02,0.557,0.936,0.11,3,9
2017-06-05T08:02:44.40Z,61.8849194,6.8325791,996.114,-0.05,-0.04,0.02,0.555,0.933,0.13,3,8
2017-06-05T08:02:44.60Z,61.8849193,6.8325793,996.105,-0.05,0.02,0.00,0.554,0.930,0.13,3,8
2017-06-05T08:02:44.80Z,61.8849191,6.8325798,996.084,-0.07,0.12,-0.01,0.553,0.928,0.12,3,8
2017-06-05T08:02:45.00Z,61.8849186,6.8325809,996.026,-0.19,0.26,0.09,0.552,0.926,0.13,3,8
2017-06-05T08:02:45.20Z,61.8849183,6.8325816,996.015,-0.14,0.20,0.04,0.552,0.925,0.12,3,7
2017-06-05T08:02:45.40Z,61.8849178,6.8325816,995.979,-0.20,0.00,-0.01,0.552,0.923,0.17,3,7
2017-06-05T08:02:45.60Z,61.8849176,6.8325812,995.969,-0.10,-0.09,0.02,0.552,0.921,0.20,3,8
2017-06-05T08:02:45.80Z,61.8849175,6.8325801,995.972,-0.06,-0.28,-0.05,0.551,0.919,0.14,3,8
2017-06-05T08:02:46.00Z,61.8849175,6.8325796,995.948,-0.03,-0.13,0.00,0.549,0.916,0.10,3,8
2017-06-05T08:02:46.20Z,61.8849175,6.8325796,995.917,-0.05,0.01,0.00,0.548,0.913,0.11,3,8
2017-06-05T08:02:46.40Z,61.8849174,6.8325802,995.872,-0.08,0.18,0.06,0.547,0.910,0.11,3,8
2017-06-05T08:02:46.60Z,61.8849169,6.8325809,995.806,-0.27,0.20,0.07,0.546,0.909,0.13,3,8
2017-06-05T08:02:46.80Z,61.8849165,6.8325818,995.793,-0.23,0.22,-0.01,0.544,0.907,0.12,3,8
2017-06-05T08:02:47.00Z,61.8849163,6.8325816,995.793,-0.14,-0.03,0.02,0.543,0.904,0.11,3,8
2017-06-05T08:02:47.20Z,61.8849162,6.8325812,995.782,-0.07,-0.13,0.02,0.541,0.902,0.10,3,8
2017-06-05T08:02:47.40Z,61.8849164,6.8325805,995.775,0.02,-0.19,-0.04,0.540,0.899,0.10,3,8
2017-06-05T08:02:47.60Z,61.8849164,6.8325805,995.759,-0.07,-0.02,0.03,0.539,0.897,0.14,3,8
2017-06-05T08:02:47.80Z,61.8849165,6.8325803,995.743,0.05,-0.05,0.05,0.538,0.895,0.14,3,8
2017-06-05T08:02:48.00Z,61.8849165,6.8325806,995.722,-0.03,0.07,0.04,0.537,0.893,0.13,3,8
2017-06-05T08:02:48.20Z,61.8849167,6.8325809,995.720,0.02,0.03,-0.04,0.535,0.891,0.16,3,8
2017-06-05T08:02:48.40Z,61.8849169,6.8325812,995.704,0.02,0.05,-0.01,0.534,0.889,0.11,3,8
2017-06-05T08:02:48.60Z,61.8849171,6.8325813,995.678,-0.01,0.00,0.05,0.533,0.887,0.18,3,8
2017-06-05T08:02:48.80Z,61.8849173,6.8325816,995.666,0.01,0.03,0.00,0.532,0.885,0.10,3,8
2017-06-05T08:02:49.00Z,61.8849175,6.8325819,995.648,0.00,0.06,0.02,0.531,0.884,0.11,3,8
2017-06-05T08:02:49.20Z,61.8849177,6.8325820,995.637,0.02,0.00,0.02,0.530,0.882,0.15,3,8
2017-06-05T08:02:49.40Z,61.8849179,6.8325821,995.628,0.00,-0.01,-0.05,0.529,0.880,0.17,3,8
2017-06-05T08:02:49.60Z,61.8849181,6.8325823,995.610,-0.01,0.02,-0.01,0.528,0.878,0.12,3,8
2017-06-05T08:02:49.80Z,61.8849183,6.8325824,995.605,-0.02,0.01,-0.04,0.527,0.876,0.16,3,8
2017-06-05T08:02:50.00Z,61.8849185,6.8325826,995.586,0.01,0.03,0.02,0.527,0.874,0.12,3,8
2017-06-05T08:02:50.20Z,61.8849186,6.8325827,995.563,-0.04,-0.01,0.00,0.526,0.872,0.12,3,8
2017-06-05T08:02:50.40Z,61.8849187,6.8325830,995.542,0.01,0.06,0.04,0.525,0.871,0.12,3,8
2017-06-05T08:02:50.60Z,61.8849189,6.8325830,995.530,0.03,-0.02,0.01,0.524,0.869,0.12,3,8
2017-06-05T08:02:50.80Z,61.8849191,6.8325830,995.512,0.03,-0.03,-0.04,0.524,0.867,0.13,3,8
2017-06-05T08:02:51.00Z,61.8849192,6.8325832,995.491,0.00,0.03,0.04,0.523,0.865,0.15,3,8
2017-06-05T08:02:51.20Z,61.8849194,6.8325832,995.471,-0.01,-0.03,0.00,0.522,0.864,0.10,3,8
2017-06-05T08:02:51.40Z,61.8849195,6.8325831,995.456,0.00,-0.05,-0.01,0.522,0.862,0.10,3,8
2017-06-05T08:02:51.60Z,61.8849196,6.8325833,995.447,0.01,0.01,0.01,0.521,0.860,0.11,3,8
2017-06-05T08:02:51.80Z,61.8849197,6.8325834,995.443,0.01,0.02,0.04,0.520,0.858,0.15,3,8
2017-06-05T08:02:52.00Z,61.8849199,6.8325837,995.437,0.03,0.07,-0.01,0.520,0.857,0.09,3,8
2017-06-05T08:02:52.20Z,61.8849200,6.8325842,995.422,-0.01,0.10,-0.02,0.519,0.855,0.10,3,8
2017-06-05T08:02:52.40Z,61.8849202,6.8325844,995.414,0.01,0.02,-0.03,0.518,0.854,0.13,3,8
2017-06-05T08:02:52.60Z,61.8849203,6.8325844,995.399,-0.03,-0.03,-0.01,0.518,0.852,0.10,3,8
2017-06-05T08:02:52.80Z,61.8849203,6.8325847,995.387,-0.06,0.02,0.01,0.517,0.851,0.11,3,8
2017-06-05T08:02:53.00Z,61.8849203,6.8325846,995.371,-0.10,-0.04,0.03,0.516,0.849,0.12,3,8
2017-06-05T08:02:53.20Z,61.8849202,6.8325845,995.353,-0.13,-0.08,0.01,0.516,0.848,0.13,3,8
2017-06-05T08:02:53.40Z,61.8849200,6.8325836,995.342,-0.14,-0.26,-0.02,0.515,0.848,0.11,3,8
2017-06-05T08:02:53.60Z,61.8849198,6.8325830,995.296,-0.19,-0.19,0.12,0.515,0.846,0.12,3,8
2017-06-05T08:02:53.80Z,61.8849196,6.8325827,995.283,-0.16,-0.08,0.02,0.514,0.845,0.12,3,8
2017-06-05T08:02:54.00Z,61.8849192,6.8325828,995.253,-0.19,0.02,0.08,0.513,0.844,0.14,3,8
2017-06-05T08:02:54.20Z,61.8849189,6.8325831,995.221,-0.19,0.10,0.13,0.513,0.842,0.12,3,8
2017-06-05T08:02:54.40Z,61.8849183,6.8325838,995.226,-0.30,0.17,0.02,0.512,0.841,0.12,3,8
2017-06-05T08:02:54.60Z,61.8849179,6.8325841,995.201,-0.24,0.10,0.07,0.512,0.840,0.14,3,8
2017-06-05T08:02:54.80Z,61.8849176,6.8325840,995.214,-0.16,-0.02,-0.02,0.511,0.839,0.13,3,8
2017-06-05T08:02:55.00Z,61.8849174,6.8325836,995.229,-0.06,-0.07,-0.03,0.510,0.838,0.12,3,8
2017-06-05T08:02:55.20Z,61.8849171,6.8325830,995.232,-0.14,-0.16,-0.01,0.509,0.837,0.12,3,8
2017-06-05T08:02:55.40Z,61.8849169,6.8325824,995.197,-0.14,-0.15,0.06,0.509,0.836,0.15,3,8
2017-06-05T08:02:55.60Z,61.8849168,6.8325822,995.191,-0.08,-0.05,0.01,0.509,0.834,0.15,3,8
2017-06-05T08:02:55.80Z,61.8849167,6.8325822,995.173,-0.04,-0.02,0.04,0.508,0.833,0.16,3,8
2017-06-05T08:02:56.00Z,61.8849167,6.8325820,995.174,-0.07,-0.04,-0.03,0.507,0.832,0.14,3,8
2017-06-05T08:02:56.20Z,61.8849166,6.8325821,995.179,-0.12,0.03,-0.01,0.507,0.830,0.12,3,8
2017-06-05T08:02:56.40Z,61.8849163,6.8325824,995.200,-0.22,0.09,-0.08,0.506,0.829,0.13,3,8
2017-06-05T08:02:56.60Z,61.8849159,6.8325829,995.198,-0.30,0.10,-0.10,0.506,0.829,0.14,3,8
2017-06-05T08:02:56.80Z,61.8849159,6.8325824,995.200,-0.01,-0.09,-0.04,0.505,0.828,0.12,3,8
2017-06-05T08:02:57.00Z,61.8849160,6.8325819,995.197,0.04,-0.08,0.02,0.505,0.828,0.12,3,8
2017-06-05T08:02:57.20Z,61.8849161,6.8325817,995.185,0.11,0.01,0.08,0.505,0.827,0.15,3,8
2017-06-05T08:02:57.40Z,61.8849161,6.8325819,995.186,0.01,0.07,0.01,0.504,0.828,0.13,3,8
2017-06-05T08:02:57.60Z,61.8849161,6.8325818,995.166,0.00,0.01,0.03,0.504,0.828,0.19,3,8
2017-06-05T08:02:57.80Z,61.8849159,6.8325817,995.145,-0.03,0.01,0.09,0.504,0.827,0.20,3,8
2017-06-05T08:02:58.00Z,61.8849159,6.8325817,995.125,-0.04,0.02,0.04,0.504,0.827,0.17,3,8
2017-06-05T08:02:58.20Z,61.8849156,6.8325819,995.118,-0.12,0.06,0.01,0.503,0.827,0.13,3,8
2017-06-05T08:02:58.40Z,61.8849153,6.8325823,995.127,-0.22,0.09,-0.05,0.503,0.826,0.13,3,8
2017-06-05T08:02:58.60Z,61.8849151,6.8325823,995.142,-0.15,-0.02,-0.10,0.502,0.825,0.14,3,8
2017-06-05T08:02:58.80Z,61.8849153,6.8325825,995.118,0.05,0.01,0.05,0.501,0.823,0.15,3,8
2017-06-05T08:02:59.00Z,61.8849154,6.8325825,995.124,-0.03,-0.03,-0.01,0.500,0.822,0.11,3,8
2017-06-05T08:02:59.20Z,61.8849154,6.8325826,995.121,-0.03,0.00,0.01,0.499,0.820,0.12,3,8
2017-06-05T08:02:59.40Z,61.8849154,6.8325828,995.119,-0.05,0.04,0.02,0.498,0.819,0.11,3,8
2017-06-05T08:02:59.60Z,61.8849151,6.8325833,995.124,-0.14,0.11,0.03,0.497,0.818,0.12,3,8
2017-06-05T08:02:59.80Z,61.8849147,6.8325833,995.133,-0.23,0.00,-0.05,0.497,0.818,0.15,3,8
2017-06-05T08:03:00.00Z,61.8849145,6.8325832,995.102,-0.05,-0.03,0.05,0.496,0.818,0.17,3,8
2017-06-05T08:03:00.20Z,61.8849143,6.8325831,995.089,-0.07,-0.01,0.07,0.495,0.817,0.16,3,8
2017-06-05T08:03:00.40Z,61.8849142,6.8325833,995.066,-0.09,0.04,0.02,0.494,0.815,0.12,3,8
2017-06-05T08:03:00.60Z,61.8849142,6.8325832,995.049,-0.04,-0.03,0.05,0.493,0.814,0.13,3,8
2017-06-05T08:03:00.80Z,61.8849143,6.8325834,995.036,0.01,0.01,0.00,0.493,0.813,0.10,3,8
2017-06-05T08:03:01.00Z,61.8849143,6.8325838,995.020,-0.04,0.08,0.02,0.492,0.812,0.11,3,8
2017-06-05T08:03:01.20Z,61.8849143,6.8325840,995.005,-0.01,0.01,-0.01,0.491,0.811,0.12,3,8
2017-06-05T08:03:01.40Z,61.8849144,6.8325843,994.995,-0.04,0.02,-0.01,0.490,0.810,0.11,3,8
2017-06-05T08:03:01.60Z,61.8849144,6.8325846,994.989,-0.01,0.05,-0.01,0.490,0.809,0.10,3,8
2017-06-05T08:03:01.80Z,61.8849145,6.8325848,994.978,-0.01,0.00,0.02,0.489,0.809,0.15,3,8
2017-06-05T08:03:02.00Z,61.8849147,6.8325850,994.978,0.04,0.00,-0.01,0.488,0.808,0.11,3,8
2017-06-05T08:03:02.20Z,61.8849148,6.8325851,994.979,0.01,0.00,-0.02,0.488,0.808,0.15,3,8
2017-06-05T08:03:02.40Z,61.8849149,6.8325853,994.964,-0.05,0.02,0.00,0.487,0.808,0.11,3,8
2017-06-05T08:03:02.60Z,61.8849150,6.8325853,994.957,-0.03,-0.03,0.00,0.487,0.808,0.11,3,8
2017-06-05T08:03:02.80Z,61.8849151,6.8325854,994.959,0.00,-0.01,-0.02,0.486,0.809,0.16,3,8
2017-06-05T08:03:03.00Z,61.8849153,6.8325854,994.961,0.01,-0.03,-0.07,0.486,0.809,0.15,3,8
2017-06-05T08:03:03.20Z,61.8849154,6.8325855,994.952,0.01,0.00,-0.01,0.486,0.809,0.12,3,8
2017-06-05T08:03:03.40Z,61.8849155,6.8325856,994.937,-0.04,-0.02,0.00,0.485,0.809,0.11,3,8
2017-06-05T08:03:03.60Z,61.8849156,6.8325858,994.926,-0.03,0.01,-0.01,0.485,0.809,0.13,3,8
2017-06-05T08:03:03.80Z,61.8849157,6.8325860,994.920,0.00,0.01,-0.03,0.485,0.809,0.16,3,8
2017-06-05T08:03:04.00Z,61.8849158,6.8325859,994.913,0.05,-0.05,-0.02,0.485,0.809,0.11,3,8
2017-06-05T08:03:04.20Z,61.8849160,6.8325860,994.898,0.03,-0.02,0.03,0.485,0.809,0.15,3,8
2017-06-05T08:03:04.40Z,61.8849161,6.8325861,994.882,0.02,-0.01,0.01,0.484,0.809,0.13,3,8
2017-06-05T08:03:04.60Z,61.8849162,6.8325863,994.860,0.00,0.00,0.01,0.484,0.809,0.15,3,8
2017-06-05T08:03:04.80Z,61.8849163,6.8325864,994.840,0.01,-0.03,-0.01,0.484,0.808,0.11,3,8
2017-06-05T08:03:05.00Z,61.8849163,6.8325867,994.815,-0.02,0.02,0.00,0.484,0.808,0.11,3,8
2017-06-05T08:03:05.20Z,61.8849164,6.8325870,994.801,-0.01,0.04,0.01,0.484,0.807,0.10,3,8
2017-06-05T08:03:05.40Z,61.8849165,6.8325872,994.784,-0.01,0.02,-0.01,0.484,0.807,0.12,3,8
2017-06-05T08:03:05.60Z,61.8849166,6.8325874,994.757,-0.01,0.00,0.01,0.484,0.807,0.13,3,8
2017-06-05T08:03:05.80Z,61.8849167,6.8325876,994.733,0.00,0.01,-0.01,0.484,0.807,0.14,3,8
2017-06-05T08:03:06.00Z,61.8849167,6.8325877,994.720,-0.02,0.00,-0.02,0.484,0.807,0.15,3,8
2017-06-05T08:03:06.20Z,61.8849168,6.8325878,994.692,-0.03,0.01,0.00,0.484,0.807,0.12,3,8
2017-06-05T08:03:06.40Z,61.8849168,6.8325879,994.671,-0.04,0.02,0.00,0.484,0.806,0.12,3,8
2017-06-05T08:03:06.60Z,61.8849169,6.8325880,994.648,0.01,-0.01,-0.01,0.484,0.806,0.11,3,8
2017-06-05T08:03:06.80Z,61.8849170,6.8325878,994.642,0.03,-0.04,-0.03,0.484,0.806,0.12,3,8
2017-06-05T08:03:07.00Z,61.8849171,6.8325879,994.632,-0.01,-0.01,0.00,0.484,0.805,0.10,3,8
2017-06-05T08:03:07.20Z,61.8849171,6.8325879,994.624,0.00,0.00,0.02,0.484,0.805,0.16,3,8
2017-06-05T08:03:07.40Z,61.8849172,6.8325880,994.618,0.00,-0.01,-0.01,0.484,0.804,0.12,3,8
2017-06-05T08:03:07.60Z,61.8849172,6.8325881,994.605,-0.02,0.00,-0.02,0.483,0.803,0.15,3,8
2017-06-05T08:03:07.80Z,61.8849172,6.8325880,994.587,0.02,-0.03,0.00,0.483,0.802,0.11,3,8
2017-06-05T08:03:08.00Z,61.8849173,6.8325877,994.583,0.04,-0.12,-0.01,0.483,0.801,0.10,3,8
2017-06-05T08:03:08.20Z,61.8849174,6.8325876,994.570,0.05,-0.07,0.03,0.483,0.800,0.12,3,8
2017-06-05T08:03:08.40Z,61.8849175,6.8325875,994.550,0.02,-0.05,0.02,0.483,0.799,0.12,3,8
2017-06-05T08:03:08.60Z,61.8849176,6.8325877,994.530,0.01,0.00,0.04,0.482,0.798,0.16,3,8
2017-06-05T08:03:08.80Z,61.8849178,6.8325880,994.524,0.00,0.02,-0.07,0.482,0.797,0.15,3,8
2017-06-05T08:03:09.00Z,61.8849178,6.8325881,994.504,-0.04,-0.03,-0.01,0.481,0.796,0.10,3,8
2017-06-05T08:03:09.20Z,61.8849179,6.8325883,994.496,0.00,0.02,0.03,0.481,0.795,0.15,3,8
2017-06-05T08:03:09.40Z,61.8849179,6.8325886,994.484,-0.03,0.04,0.01,0.481,0.794,0.10,3,8
2017-06-05T08:03:09.60Z,61.8849179,6.8325888,994.487,-0.01,0.00,-0.01,0.480,0.793,0.16,3,8
2017-06-05T08:03:09.80Z,61.8849179,6.8325890,994.479,-0.01,0.00,0.01,0.480,0.792,0.12,3,8
2017-06-05T08:03:10.00Z,61.8849179,6.8325894,994.464,-0.04,0.05,-0.03,0.480,0.791,0.13,3,8
2017-06-05T08:03:10.20Z,61.8849178,6.8325897,994.458,-0.01,0.01,-0.02,0.480,0.790,0.16,3,8
2017-06-05T08:03:10.40Z,61.8849177,6.8325901,994.449,-0.03,0.05,0.04,0.479,0.790,0.12,3,8
2017-06-05T08:03:10.60Z,61.8849175,6.8325906,994.454,-0.11,0.07,-0.04,0.479,0.789,0.13,3,8
2017-06-05T08:03:10.80Z,61.8849174,6.8325908,994.451,-0.01,0.00,-0.02,0.479,0.788,0.17,3,8
2017-06-05T08:03:11.00Z,61.8849173,6.8325910,994.462,-0.02,0.01,-0.05,0.479,0.787,0.17,3,8
2017-06-05T08:03:11.20Z,61.8849171,6.8325912,994.471,0.00,0.04,0.01,0.479,0.787,0.10,3,8
2017-06-05T08:03:11.40Z,61.8849170,6.8325913,994.479,-0.01,0.01,-0.01,0.479,0.787,0.15,3,8
2017-06-05T08:03:11.60Z,61.8849168,6.8325912,994.484,-0.03,0.00,0.01,0.478,0.786,0.13,3,8
2017-06-05T08:03:11.80Z,61.8849166,6.8325910,994.493,-0.03,-0.03,0.01,0.478,0.786,0.13,3,8
2017-06-05T08:03:12.00Z,61.8849166,6.8325909,994.505,0.05,-0.01,-0.01,0.478,0.786,0.14,3,8
2017-06-05T08:03:12.20Z,61.8849164,6.8325908,994.506,-0.01,-0.01,0.00,0.478,0.786,0.14,3,8
2017-06-05T08:03:12.40Z,61.8849163,6.8325907,994.509,-0.04,0.00,-0.04,0.478,0.785,0.16,3,8
2017-06-05T08:03:12.60Z,61.8849161,6.8325905,994.506,-0.05,0.00,-0.01,0.478,0.785,0.14,3,8
2017-06-05T08:03:12.80Z,61.8849160,6.8325904,994.504,0.01,0.01,0.00,0.478,0.784,0.14,3,8
2017-06-05T08:03:13.00Z,61.8849158,6.8325902,994.509,0.00,-0.01,-0.01,0.478,0.784,0.15,3,8
2017-06-05T08:03:13.20Z,61.8849157,6.8325900,994.509,0.00,-0.02,-0.01,0.478,0.784,0.13,3,8
2017-06-05T08:03:13.40Z,61.8849156,6.8325898,994.505,0.01,0.00,-0.03,0.478,0.783,0.17,3,8
2017-06-05T08:03:13.60Z,61.8849155,6.8325897,994.500,0.01,0.01,0.01,0.478,0.783,0.15,3,8
2017-06-05T08:03:13.80Z,61.8849154,6.8325895,994.511,0.04,0.01,0.02,0.478,0.782,0.14,3,8
2017-06-05T08:03:14.00Z,61.8849153,6.8325892,994.514,0.01,-0.01,-0.02,0.478,0.781,0.15,3,8
2017-06-05T08:03:14.20Z,61.8849152,6.8325890,994.515,-0.02,-0.01,-0.03,0.478,0.781,0.16,3,8
2017-06-05T08:03:14.40Z,61.8849151,6.8325889,994.521,-0.03,0.02,-0.02,0.477,0.780,0.15,3,8
2017-06-05T08:03:14.60Z,61.8849150,6.8325888,994.528,-0.01,0.00,-0.03,0.477,0.780,0.17,3,8
2017-06-05T08:03:14.80Z,61.8849148,6.8325886,994.527,-0.02,-0.01,0.01,0.477,0.779,0.13,3,8
2017-06-05T08:03:15.00Z,61.8849147,6.8325884,994.529,0.01,0.00,0.03,0.477,0.779,0.17,3,8
2017-06-05T08:03:15.20Z,61.8849147,6.8325883,994.531,0.02,0.00,0.00,0.477,0.778,0.14,3,8
2017-06-05T08:03:15.40Z,61.8849146,6.8325881,994.532,-0.01,-0.02,-0.01,0.476,0.778,0.12,3,8
2017-06-05T08:03:15.60Z,61.8849145,6.8325879,994.537,0.00,-0.02,-0.01,0.476,0.777,0.12,3,8
2017-06-05T08:03:15.80Z,61.8849144,6.8325877,994.534,0.01,-0.01,0.03,0.476,0.777,0.16,3,8
2017-06-05T08:03:16.00Z,61.8849143,6.8325876,994.525,-0.01,-0.01,0.04,0.476,0.776,0.17,3,8
2017-06-05T08:03:16.20Z,61.8849142,6.8325874,994.525,0.00,-0.02,-0.01,0.476,0.776,0.12,3,8
2017-06-05T08:03:16.40Z,61.8849142,6.8325873,994.527,-0.01,-0.01,-0.03,0.476,0.775,0.16,3,8
2017-06-05T08:03:16.60Z,61.8849140,6.8325872,994.518,-0.05,-0.02,0.00,0.476,0.775,0.14,3,8
2017-06-05T08:03:16.80Z,61.8849137,6.8325872,994.503,-0.12,-0.01,0.03,0.476,0.775,0.15,3,8
2017-06-05T08:03:17.00Z,61.8849133,6.8325871,994.462,-0.19,-0.03,0.14,0.476,0.774,0.15,3,8
2017-06-05T08:03:17.20Z,61.8849131,6.8325867,994.454,-0.09,-0.10,0.08,0.476,0.773,0.12,3,8
2017-06-05T08:03:17.40Z,61.8849129,6.8325862,994.435,-0.04,-0.12,0.07,0.475,0.773,0.12,3,8
2017-06-05T08:03:17.60Z,61.8849125,6.8325865,994.405,-0.20,0.09,0.08,0.475,0.773,0.14,3,8
2017-06-05T08:03:17.80Z,61.8849121,6.8325866,994.367,-0.17,0.03,0.14,0.475,0.774,0.17,3,8
2017-06-05T08:03:18.00Z,61.8849117,6.8325868,994.349,-0.16,0.08,0.13,0.475,0.773,0.14,3,8
2017-06-05T08:03:18.20Z,61.8849112,6.8325869,994.333,-0.25,0.06,0.14,0.475,0.774,0.14,3,8
2017-06-05T08:03:18.40Z,61.8849103,6.8325864,994.217,-0.47,-0.12,0.40,0.475,0.774,0.15,3,8
2017-06-05T08:03:18.60Z,61.8849091,6.8325856,994.063,-0.61,-0.16,0.68,0.475,0.774,0.15,3,8
2017-06-05T08:03:18.80Z,61.8849076,6.8325847,993.791,-0.76,-0.17,1.24,0.475,0.774,0.17,3,8
2017-06-05T08:03:19.00Z,61.8849042,6.8325838,993.620,-1.84,-0.22,0.96,0.475,0.775,0.14,3,8
2017-06-05T08:03:19.20Z,61.8848979,6.8325825,993.530,-3.53,-0.32,0.54,0.475,0.775,0.13,3,8
2017-06-05T08:03:19.40Z,61.8848921,6.8325805,993.027,-3.10,-0.47,2.01,0.476,0.776,0.15,3,8
2017-06-05T08:03:19.60Z,61.8848860,6.8325796,992.110,-3.29,-0.17,3.81,0.476,0.776,0.17,3,8
2017-06-05T08:03:19.80Z,61.8848801,6.8325783,990.759,-3.25,-0.34,5.66,0.476,0.777,0.18,3,8
2017-06-05T08:03:20.00Z,61.8848742,6.8325771,989.049,-3.37,-0.33,7.40,0.476,0.777,0.19,3,8
2017-06-05T08:03:20.20Z,61.8848684,6.8325759,987.038,-3.25,-0.34,9.00,0.476,0.778,0.21,3,8
2017-06-05T08:03:20.40Z,61.8848625,6.8325746,984.620,-3.35,-0.35,10.76,0.476,0.779,0.22,3,8
2017-06-05T08:03:20.60Z,61.8848566,6.8325735,981.869,-3.34,-0.30,12.54,0.477,0.780,0.24,3,8
2017-06-05T08:03:20.80Z,61.8848503,6.8325723,978.812,-3.52,-0.30,14.18,0.478,0.781,0.26,3,8
2017-06-05T08:03:21.00Z,61.8848439,6.8325710,975.444,-3.66,-0.31,15.67,0.480,0.784,0.29,3,8
2017-06-05T08:03:21.20Z,61.8848371,6.8325697,971.723,-3.85,-0.33,17.24,0.482,0.787,0.31,3,8
2017-06-05T08:03:21.40Z,61.8848293,6.8325680,967.660,-4.33,-0.39,18.85,0.483,0.790,0.32,3,8
2017-06-05T08:03:21.60Z,61.8848209,6.8325662,963.273,-4.74,-0.44,20.43,0.486,0.794,0.32,3,8
2017-06-05T08:03:21.80Z,61.8848110,6.8325639,958.593,-5.62,-0.54,21.83,0.489,0.797,0.31,3,8
2017-06-05T08:03:22.00Z,61.8847991,6.8325613,953.755,-6.73,-0.63,22.94,0.491,0.801,0.31,3,9
2017-06-05T08:03:22.20Z,61.8847857,6.8325578,948.683,-7.60,-0.84,24.04,0.494,0.805,0.30,3,9
2017-06-05T08:03:22.40Z,61.8847706,6.8325531,943.391,-8.54,-1.15,25.14,0.497,0.808,0.29,3,9
2017-06-05T08:03:22.60Z,61.8847538,6.8325483,937.910,-9.51,-1.18,26.19,0.499,0.812,0.29,3,9
2017-06-05T08:03:22.80Z,61.8847352,6.8325431,932.252,-10.46,-1.29,27.17,0.504,0.815,0.30,3,9
2017-06-05T08:03:23.00Z,61.8847142,6.8325371,926.457,-11.79,-1.50,27.96,0.509,0.819,0.28,3,8
2017-06-05T08:03:23.20Z,61.8846910,6.8325309,920.514,-12.97,-1.56,28.72,0.514,0.822,0.27,3,8
2017-06-05T08:03:23.40Z,61.8846655,6.8325250,914.472,-14.28,-1.52,29.29,0.519,0.826,0.26,3,8
2017-06-05T08:03:23.60Z,61.8846374,6.8325185,908.409,-15.79,-1.71,29.56,0.524,0.829,0.24,3,7
2017-06-05T08:03:23.80Z,61.8846069,6.8325123,902.251,-17.03,-1.56,30.04,0.528,0.831,0.22,3,7
2017-06-05T08:03:24.00Z,61.8845739,6.8325061,896.118,-18.41,-1.63,30.13,0.531,0.834,0.22,3,7
2017-06-05T08:03:24.20Z,61.8845386,6.8324994,890.019,-19.71,-1.72,30.06,0.535,0.837,0.22,3,7
2017-06-05T08:03:24.40Z,61.8845009,6.8324923,883.912,-20.92,-1.82,30.15,0.536,0.840,0.21,3,7
2017-06-05T08:03:24.60Z,61.8844610,6.8324846,877.751,-22.17,-1.99,30.37,0.538,0.843,0.21,3,7
2017-06-05T08:03:24.80Z,61.8844190,6.8324770,871.646,-23.43,-2.01,30.23,0.540,0.845,0.20,3,7
2017-06-05T08:03:25.00Z,61.8843749,6.8324692,865.519,-24.56,-2.04,30.24,0.541,0.847,0.20,3,7
2017-06-05T08:03:25.20Z,61.8843286,6.8324617,859.433,-25.76,-1.97,30.17,0.543,0.850,0.20,3,7
2017-06-05T08:03:25.40Z,61.8842803,6.8324542,853.337,-26.85,-1.96,30.18,0.544,0.852,0.20,3,7
2017-06-05T08:03:25.60Z,61.8842302,6.8324465,847.236,-27.86,-1.96,30.24,0.546,0.854,0.20,3,7
2017-06-05T08:03:25.80Z,61.8841784,6.8324393,841.097,-28.75,-1.83,30.42,0.547,0.856,0.19,3,7
2017-06-05T08:03:26.00Z,61.8841249,6.8324320,834.982,-29.76,-1.87,30.36,0.548,0.859,0.19,3,7
2017-06-05T08:03:26.20Z,61.8840698,6.8324257,828.862,-30.69,-1.65,30.34,0.549,0.861,0.19,3,7
2017-06-05T08:03:26.40Z,61.8840129,6.8324200,822.765,-31.67,-1.45,30.25,0.550,0.863,0.19,3,7
2017-06-05T08:03:26.60Z,61.8839544,6.8324150,816.693,-32.55,-1.28,30.19,0.551,0.866,0.19,3,7
2017-06-05T08:03:26.80Z,61.8838943,6.8324109,810.643,-33.33,-0.98,30.13,0.552,0.868,0.19,3,7
2017-06-05T08:03:27.00Z,61.8838329,6.8324076,804.590,-34.12,-0.84,30.12,0.553,0.870,0.19,3,8
2017-06-05T08:03:27.20Z,61.8837702,6.8324059,798.562,-34.84,-0.34,30.00,0.554,0.872,0.19,3,8
2017-06-05T08:03:27.40Z,61.8837062,6.8324061,792.529,-35.60,0.09,29.94,0.555,0.873,0.18,3,8
2017-06-05T08:03:27.60Z,61.8836410,6.8324082,786.530,-36.33,0.54,29.84,0.554,0.874,0.17,3,8
2017-06-05T08:03:27.80Z,61.8835745,6.8324119,780.550,-37.01,1.00,29.71,0.554,0.875,0.17,3,8
2017-06-05T08:03:28.00Z,61.8835067,6.8324173,774.659,-37.79,1.44,29.37,0.554,0.875,0.17,3,8
2017-06-05T08:03:28.20Z,61.8834378,6.8324243,768.809,-38.39,1.84,29.14,0.554,0.876,0.16,3,8
2017-06-05T08:03:28.40Z,61.8833676,6.8324330,763.041,-39.08,2.29,28.81,0.553,0.877,0.16,3,8
2017-06-05T08:03:28.60Z,61.8832965,6.8324426,757.293,-39.65,2.58,28.55,0.553,0.877,0.16,3,8
2017-06-05T08:03:28.80Z,61.8832244,6.8324538,751.569,-40.20,3.02,28.36,0.552,0.877,0.16,3,8
2017-06-05T08:03:29.00Z,61.8831513,6.8324667,745.917,-40.76,3.43,28.11,0.552,0.877,0.16,3,8
2017-06-05T08:03:29.20Z,61.8830770,6.8324817,740.383,-41.31,4.01,27.70,0.551,0.877,0.16,3,8
2017-06-05T08:03:29.40Z,61.8830017,6.8324988,734.952,-41.90,4.55,27.20,0.551,0.877,0.16,3,8
2017-06-05T08:03:29.60Z,61.8829256,6.8325187,729.625,-42.34,5.26,26.68,0.551,0.877,0.16,3,8
2017-06-05T08:03:29.80Z,61.8828487,6.8325409,724.414,-42.80,5.91,26.16,0.551,0.877,0.16,3,8
2017-06-05T08:03:30.00Z,61.8827712,6.8325654,719.279,-43.13,6.50,25.72,0.550,0.877,0.16,3,8
2017-06-05T08:03:30.20Z,61.8826931,6.8325920,714.219,-43.44,7.04,25.34,0.550,0.876,0.16,3,8
2017-06-05T08:03:30.40Z,61.8826145,6.8326202,709.163,-43.75,7.50,25.20,0.549,0.876,0.16,3,8
2017-06-05T08:03:30.60Z,61.8825352,6.8326498,704.114,-44.06,7.85,25.15,0.548,0.876,0.16,3,8
2017-06-05T08:03:30.80Z,61.8824555,6.8326808,699.091,-44.37,8.22,25.00,0.548,0.876,0.16,3,8
2017-06-05T08:03:31.00Z,61.8823752,6.8327126,694.086,-44.66,8.43,24.95,0.547,0.876,0.16,3,8
2017-06-05T08:03:31.20Z,61.8822945,6.8327458,689.051,-44.84,8.80,25.02,0.546,0.876,0.16,3,8
2017-06-05T08:03:31.40Z,61.8822135,6.8327804,684.006,-45.11,9.16,25.03,0.546,0.876,0.16,3,8
2017-06-05T08:03:31.60Z,61.8821320,6.8328168,678.980,-45.33,9.63,24.95,0.546,0.876,0.16,3,8
2017-06-05T08:03:31.80Z,61.8820501,6.8328549,673.978,-45.58,10.09,24.88,0.545,0.876,0.16,3,8
2017-06-05T08:03:32.00Z,61.8819678,6.8328948,669.000,-45.78,10.53,24.72,0.545,0.876,0.16,3,8
2017-06-05T08:03:32.20Z,61.8818853,6.8329363,664.037,-45.95,10.98,24.66,0.545,0.877,0.16,3,8
2017-06-05T08:03:32.40Z,61.8818023,6.8329792,659.066,-46.18,11.34,24.67,0.545,0.877,0.16,3,8
2017-06-05T08:03:32.60Z,61.8817189,6.8330238,654.083,-46.35,11.78,24.71,0.545,0.877,0.16,3,8
2017-06-05T08:03:32.80Z,61.8816352,6.8330698,649.096,-46.54,12.13,24.78,0.545,0.878,0.16,3,8
2017-06-05T08:03:33.00Z,61.8815514,6.8331172,644.085,-46.59,12.53,24.86,0.546,0.878,0.16,3,8
2017-06-05T08:03:33.20Z,61.8814673,6.8331663,639.066,-46.76,12.94,24.95,0.547,0.880,0.17,3,8
2017-06-05T08:03:33.40Z,61.8813830,6.8332166,634.058,-46.89,13.28,24.90,0.548,0.881,0.17,3,8
2017-06-05T08:03:33.60Z,61.8812985,6.8332690,629.034,-46.97,13.79,24.95,0.549,0.881,0.17,3,8
2017-06-05T08:03:33.80Z,61.8812138,6.8333229,624.052,-47.08,14.21,24.86,0.550,0.882,0.17,3,8
2017-06-05T08:03:34.00Z,61.8811290,6.8333784,619.071,-47.15,14.62,24.82,0.550,0.883,0.17,3,8
2017-06-05T08:03:34.20Z,61.8810441,6.8334362,614.152,-47.28,15.23,24.57,0.551,0.884,0.17,3,8
2017-06-05T08:03:34.40Z,61.8809591,6.8334957,609.283,-47.30,15.69,24.34,0.552,0.885,0.17,3,8
2017-06-05T08:03:34.60Z,61.8808739,6.8335575,604.448,-47.31,16.27,24.21,0.553,0.886,0.17,3,8
2017-06-05T08:03:34.80Z,61.8807888,6.8336212,599.673,-47.40,16.76,23.90,0.554,0.886,0.17,3,8
2017-06-05T08:03:35.00Z,61.8807033,6.8336865,594.922,-47.45,17.20,23.81,0.555,0.887,0.17,3,8
2017-06-05T08:03:35.20Z,61.8806180,6.8337533,590.198,-47.50,17.59,23.60,0.556,0.888,0.17,3,8
2017-06-05T08:03:35.40Z,61.8805325,6.8338214,585.508,-47.55,17.92,23.42,0.556,0.889,0.17,3,8
2017-06-05T08:03:35.60Z,61.8804469,6.8338911,580.857,-47.58,18.33,23.26,0.557,0.890,0.17,3,8
2017-06-05T08:03:35.80Z,61.8803613,6.8339619,576.244,-47.61,18.60,23.03,0.558,0.891,0.17,3,8
2017-06-05T08:03:36.00Z,61.8802756,6.8340338,571.647,-47.65,18.92,22.95,0.559,0.892,0.17,3,8
2017-06-05T08:03:36.20Z,61.8801898,6.8341071,567.131,-47.76,19.28,22.60,0.560,0.893,0.17,3,8
2017-06-05T08:03:36.40Z,61.8801040,6.8341815,562.702,-47.74,19.57,22.21,0.561,0.895,0.17,3,8
2017-06-05T08:03:36.60Z,61.8800182,6.8342578,558.351,-47.72,20.06,21.88,0.562,0.896,0.17,3,8
2017-06-05T08:03:36.80Z,61.8799324,6.8343353,554.172,-47.74,20.36,21.19,0.562,0.897,0.17,3,8
2017-06-05T08:03:37.00Z,61.8798469,6.8344146,550.095,-47.62,20.84,20.60,0.563,0.898,0.16,3,8
2017-06-05T08:03:37.20Z,61.8797615,6.8344955,546.103,-47.50,21.26,20.14,0.563,0.900,0.16,3,8
2017-06-05T08:03:37.40Z,61.8796764,6.8345778,542.182,-47.32,21.62,19.80,0.564,0.901,0.16,3,8
2017-06-05T08:03:37.60Z,61.8795917,6.8346619,538.330,-47.04,22.09,19.49,0.563,0.902,0.16,3,8
2017-06-05T08:03:37.80Z,61.8795077,6.8347473,534.539,-46.78,22.44,19.10,0.563,0.903,0.15,3,8
2017-06-05T08:03:38.00Z,61.8794237,6.8348337,530.713,-46.64,22.74,19.13,0.563,0.903,0.15,3,8
2017-06-05T08:03:38.20Z,61.8793403,6.8349219,526.912,-46.40,23.17,19.02,0.562,0.903,0.15,3,8
2017-06-05T08:03:38.40Z,61.8792570,6.8350106,523.084,-46.30,23.31,19.08,0.562,0.904,0.15,3,8
2017-06-05T08:03:38.60Z,61.8791742,6.8351005,519.224,-46.07,23.63,19.17,0.562,0.904,0.15,3,8
2017-06-05T08:03:38.80Z,61.8790916,6.8351910,515.354,-45.94,23.79,19.23,0.561,0.904,0.15,3,8
2017-06-05T08:03:39.00Z,61.8790094,6.8352828,511.510,-45.78,24.10,19.15,0.561,0.905,0.15,3,8
2017-06-05T08:03:39.20Z,61.8789272,6.8353751,507.680,-45.74,24.25,19.05,0.561,0.905,0.15,3,8
2017-06-05T08:03:39.40Z,61.8788454,6.8354688,503.814,-45.45,24.63,19.22,0.560,0.904,0.15,3,8
2017-06-05T08:03:39.60Z,61.8787638,6.8355629,499.963,-45.36,24.71,19.18,0.559,0.904,0.15,3,8
2017-06-05T08:03:39.80Z,61.8786826,6.8356580,496.080,-45.14,24.98,19.28,0.558,0.903,0.15,3,8
2017-06-05T08:03:40.00Z,61.8786016,6.8357538,492.189,-45.06,25.17,19.32,0.557,0.903,0.15,3,8
2017-06-05T08:03:40.20Z,61.8785208,6.8358501,488.331,-44.97,25.32,19.24,0.556,0.902,0.15,3,8
2017-06-05T08:03:40.40Z,61.8784403,6.8359467,484.528,-44.86,25.35,18.99,0.555,0.902,0.14,3,8
2017-06-05T08:03:40.60Z,61.8783598,6.8360435,480.772,-44.81,25.45,18.77,0.554,0.901,0.14,3,8
2017-06-05T08:03:40.80Z,61.8782795,6.8361406,477.028,-44.71,25.51,18.64,0.553,0.901,0.14,3,8
2017-06-05T08:03:41.00Z,61.8781993,6.8362380,473.256,-44.56,25.61,18.76,0.552,0.899,0.14,3,8
2017-06-05T08:03:41.20Z,61.8781195,6.8363356,469.467,-44.47,25.68,18.80,0.551,0.898,0.14,3,8
2017-06-05T08:03:41.40Z,61.8780396,6.8364332,465.660,-44.45,25.66,18.90,0.549,0.897,0.14,3,8
2017-06-05T08:03:41.60Z,61.8779599,6.8365311,461.826,-44.30,25.76,19.01,0.547,0.895,0.14,3,8
2017-06-05T08:03:41.80Z,61.8778803,6.8366294,457.979,-44.31,25.84,19.06,0.546,0.894,0.14,3,8
2017-06-05T08:03:42.00Z,61.8778010,6.8367283,454.167,-44.17,25.99,18.98,0.545,0.893,0.14,3,8
2017-06-05T08:03:42.20Z,61.8777218,6.8368277,450.402,-44.05,26.12,18.82,0.544,0.893,0.14,3,8
2017-06-05T08:03:42.40Z,61.8776429,6.8369275,446.667,-43.91,26.26,18.67,0.544,0.893,0.14,3,8
2017-06-05T08:03:42.60Z,61.8775643,6.8370280,443.014,-43.75,26.43,18.38,0.543,0.892,0.14,3,8
2017-06-05T08:03:42.80Z,61.8774859,6.8371290,439.416,-43.67,26.56,18.10,0.541,0.891,0.14,3,8
2017-06-05T08:03:43.00Z,61.8774077,6.8372304,435.943,-43.51,26.65,17.57,0.541,0.891,0.14,3,8
2017-06-05T08:03:43.20Z,61.8773299,6.8373317,432.498,-43.33,26.65,17.35,0.540,0.891,0.14,3,8
2017-06-05T08:03:43.40Z,61.8772521,6.8374332,429.064,-43.24,26.69,17.29,0.539,0.890,0.14,3,8
2017-06-05T08:03:43.60Z,61.8771746,6.8375345,425.628,-43.12,26.66,17.25,0.538,0.890,0.14,3,8
2017-06-05T08:03:43.80Z,61.8770971,6.8376354,422.147,-43.10,26.55,17.36,0.537,0.889,0.14,3,8
2017-06-05T08:03:44.00Z,61.8770196,6.8377360,418.632,-43.07,26.46,17.54,0.535,0.889,0.14,3,8
2017-06-05T08:03:44.20Z,61.8769421,6.8378359,415.108,-43.14,26.28,17.59,0.534,0.888,0.14,3,8
2017-06-05T08:03:44.40Z,61.8768646,6.8379354,411.557,-43.09,26.18,17.74,0.533,0.888,0.14,3,8
2017-06-05T08:03:44.60Z,61.8767871,6.8380348,408.006,-43.08,26.13,17.76,0.532,0.888,0.14,3,8
2017-06-05T08:03:44.80Z,61.8767097,6.8381338,404.443,-43.06,26.04,17.80,0.531,0.887,0.14,3,8
2017-06-05T08:03:45.00Z,61.8766325,6.8382329,400.877,-42.97,26.05,17.83,0.530,0.886,0.14,3,8
2017-06-05T08:03:45.20Z,61.8765552,6.8383316,397.308,-42.94,25.98,17.86,0.529,0.885,0.14,3,8
2017-06-05T08:03:45.40Z,61.8764781,6.8384305,393.741,-42.88,25.99,17.87,0.528,0.885,0.14,3,8
2017-06-05T08:03:45.60Z,61.8764010,6.8385291,390.187,-42.91,25.94,17.81,0.528,0.885,0.14,3,8
2017-06-05T08:03:45.80Z,61.8763240,6.8386277,386.637,-42.86,25.92,17.76,0.527,0.885,0.14,3,8
2017-06-05T08:03:46.00Z,61.8762470,6.8387258,383.071,-42.86,25.82,17.79,0.526,0.885,0.14,3,8
2017-06-05T08:03:46.20Z,61.8761700,6.8388236,379.480,-42.85,25.73,17.91,0.525,0.885,0.14,3,8
2017-06-05T08:03:46.40Z,61.8760931,6.8389212,375.884,-42.85,25.68,17.91,0.524,0.885,0.14,3,8
2017-06-05T08:03:46.60Z,61.8760161,6.8390181,372.281,-42.83,25.49,18.01,0.523,0.885,0.14,3,8
2017-06-05T08:03:46.80Z,61.8759392,6.8391147,368.666,-42.82,25.41,18.07,0.523,0.886,0.14,3,8
2017-06-05T08:03:47.00Z,61.8758623,6.8392103,365.054,-42.82,25.17,18.06,0.522,0.886,0.14,3,8
2017-06-05T08:03:47.20Z,61.8757854,6.8393057,361.385,-42.79,25.12,18.27,0.521,0.887,0.14,3,8
2017-06-05T08:03:47.40Z,61.8757086,6.8394009,357.667,-42.75,25.03,18.49,0.521,0.887,0.14,3,8
2017-06-05T08:03:47.60Z,61.8756317,6.8394954,353.923,-42.79,24.88,18.68,0.520,0.888,0.14,3,8
2017-06-05T08:03:47.80Z,61.8755549,6.8395899,350.130,-42.78,24.85,18.88,0.519,0.888,0.14,3,8
2017-06-05T08:03:48.00Z,61.8754780,6.8396837,346.287,-42.82,24.70,19.06,0.519,0.889,0.14,3,8
2017-06-05T08:03:48.20Z,61.8754010,6.8397773,342.416,-42.85,24.61,19.23,0.518,0.889,0.14,3,8
2017-06-05T08:03:48.40Z,61.8753240,6.8398704,338.536,-42.90,24.49,19.29,0.518,0.889,0.14,3,8
2017-06-05T08:03:48.60Z,61.8752468,6.8399630,334.636,-43.00,24.37,19.39,0.517,0.890,0.14,3,8
2017-06-05T08:03:48.80Z,61.8751696,6.8400550,330.764,-43.04,24.22,19.30,0.517,0.890,0.14,3,8
2017-06-05T08:03:49.00Z,61.8750921,6.8401463,326.882,-43.16,24.02,19.35,0.516,0.890,0.14,3,8
2017-06-05T08:03:49.20Z,61.8750145,6.8402369,322.973,-43.18,23.86,19.45,0.515,0.889,0.14,3,8
2017-06-05T08:03:49.40Z,61.8749369,6.8403272,319.014,-43.21,23.77,19.65,0.515,0.889,0.14,3,8
2017-06-05T08:03:49.60Z,61.8748593,6.8404170,315.022,-43.24,23.62,19.85,0.514,0.889,0.14,3,8
2017-06-05T08:03:49.80Z,61.8747814,6.8405061,311.005,-43.37,23.46,19.98,0.514,0.889,0.14,3,8
2017-06-05T08:03:50.00Z,61.8747035,6.8405948,306.942,-43.42,23.35,20.17,0.513,0.889,0.14,3,8
2017-06-05T08:03:50.20Z,61.8746255,6.8406830,302.865,-43.46,23.21,20.27,0.512,0.888,0.14,3,8
2017-06-05T08:03:50.40Z,61.8745473,6.8407709,298.780,-43.53,23.13,20.35,0.512,0.888,0.14,3,8
2017-06-05T08:03:50.60Z,61.8744691,6.8408587,294.734,-43.57,23.09,20.22,0.511,0.888,0.14,3,8
2017-06-05T08:03:50.80Z,61.8743908,6.8409462,290.706,-43.65,23.00,20.12,0.511,0.889,0.14,3,8
2017-06-05T08:03:51.00Z,61.8743125,6.8410337,286.762,-43.61,23.01,19.84,0.510,0.889,0.14,3,8
2017-06-05T08:03:51.20Z,61.8742341,6.8411210,282.882,-43.65,22.94,19.55,0.510,0.889,0.14,3,8
2017-06-05T08:03:51.40Z,61.8741559,6.8412084,279.109,-43.60,22.97,19.10,0.510,0.889,0.14,3,8
2017-06-05T08:03:51.60Z,61.8740778,6.8412965,275.556,-43.51,23.13,18.19,0.509,0.889,0.14,3,8
2017-06-05T08:03:51.80Z,61.8740006,6.8413848,272.436,-43.14,23.17,16.47,0.508,0.888,0.14,3,8
2017-06-05T08:03:52.00Z,61.8739246,6.8414727,269.795,-42.45,23.10,14.31,0.507,0.888,0.14,3,8
2017-06-05T08:03:52.20Z,61.8738502,6.8415604,267.652,-41.46,23.06,12.18,0.506,0.886,0.13,3,8
2017-06-05T08:03:52.40Z,61.8737776,6.8416479,265.845,-40.41,23.03,10.36,0.505,0.885,0.14,3,9
2017-06-05T08:03:52.60Z,61.8737071,6.8417341,264.392,-39.30,22.67,8.53,0.504,0.884,0.15,3,9
2017-06-05T08:03:52.80Z,61.8736384,6.8418186,263.275,-38.22,22.26,6.82,0.503,0.882,0.15,3,9
2017-06-05T08:03:53.00Z,61.8735716,6.8419013,262.430,-37.21,21.79,5.35,0.502,0.880,0.15,3,9
2017-06-05T08:03:53.20Z,61.8735065,6.8419823,261.760,-36.29,21.35,4.25,0.501,0.879,0.15,3,9
2017-06-05T08:03:53.40Z,61.8734432,6.8420616,261.243,-35.29,20.90,3.34,0.500,0.877,0.14,3,9
2017-06-05T08:03:53.60Z,61.8733815,6.8421386,260.896,-34.39,20.28,2.42,0.498,0.875,0.13,3,9
2017-06-05T08:03:53.80Z,61.8733215,6.8422134,260.688,-33.50,19.69,1.62,0.497,0.873,0.13,3,9
2017-06-05T08:03:54.00Z,61.8732631,6.8422860,260.567,-32.57,19.12,1.08,0.495,0.871,0.13,3,9
2017-06-05T08:03:54.20Z,61.8732062,6.8423567,260.506,-31.67,18.64,0.69,0.494,0.869,0.13,3,9
2017-06-05T08:03:54.40Z,61.8731508,6.8424259,260.447,-30.95,18.19,0.49,0.492,0.866,0.13,3,9
2017-06-05T08:03:54.60Z,61.8730968,6.8424933,260.396,-30.15,17.72,0.41,0.491,0.864,0.13,3,9
2017-06-05T08:03:54.80Z,61.8730442,6.8425592,260.338,-29.41,17.35,0.35,0.489,0.862,0.12,3,9
2017-06-05T08:03:55.00Z,61.8729929,6.8426239,260.253,-28.67,17.04,0.38,0.487,0.860,0.13,3,9
2017-06-05T08:03:55.20Z,61.8729427,6.8426871,260.128,-28.02,16.65,0.56,0.486,0.858,0.13,3,9
2017-06-05T08:03:55.40Z,61.8728936,6.8427492,259.923,-27.39,16.38,0.87,0.484,0.855,0.13,3,9
2017-06-05T08:03:55.60Z,61.8728454,6.8428099,259.606,-26.81,16.05,1.41,0.482,0.853,0.13,3,9
2017-06-05T08:03:55.80Z,61.8727982,6.8428691,259.123,-26.30,15.62,2.11,0.481,0.851,0.13,3,9
2017-06-05T08:03:56.00Z,61.8727515,6.8429274,258.427,-26.00,15.39,3.03,0.479,0.849,0.13,3,9
2017-06-05T08:03:56.20Z,61.8727062,6.8429830,257.691,-25.25,14.73,3.46,0.477,0.847,0.13,3,9
2017-06-05T08:03:56.40Z,61.8726618,6.8430381,256.861,-24.76,14.56,3.92,0.476,0.845,0.12,3,9
2017-06-05T08:03:56.60Z,61.8726189,6.8430916,255.909,-23.98,14.15,4.50,0.474,0.843,0.13,3,9
2017-06-05T08:03:56.80Z,61.8725765,6.8431437,254.814,-23.63,13.76,5.12,0.473,0.841,0.13,3,9
2017-06-05T08:03:57.00Z,61.8725352,6.8431940,253.565,-23.08,13.29,5.85,0.472,0.839,0.13,3,9
2017-06-05T08:03:57.20Z,61.8724963,6.8432390,252.185,-21.73,11.86,6.49,0.471,0.837,0.12,3,9
2017-06-05T08:03:57.40Z,61.8724611,6.8432770,250.739,-19.69,10.05,6.98,0.470,0.836,0.13,3,9
2017-06-05T08:03:57.60Z,61.8724325,6.8433114,248.961,-15.95,9.12,8.32,0.469,0.835,0.14,3,9
2017-06-05T08:03:57.80Z,61.8724061,6.8433450,246.557,-14.59,8.94,10.93,0.471,0.834,0.17,3,9
2017-06-05T08:03:58.00Z,61.8723800,6.8433776,243.995,-14.48,8.71,12.23,0.474,0.837,0.21,3,9
2017-06-05T08:03:58.20Z,61.8723557,6.8434056,241.462,-13.56,7.31,12.30,0.479,0.843,0.26,3,9
2017-06-05T08:03:58.40Z,61.8723347,6.8434273,239.065,-11.85,5.62,11.99,0.483,0.849,0.26,3,9
2017-06-05T08:03:58.60Z,61.8723172,6.8434503,236.743,-9.94,5.99,11.74,0.488,0.852,0.26,3,9
2017-06-05T08:03:58.80Z,61.8723012,6.8434721,234.082,-8.85,5.74,12.44,0.489,0.851,0.22,3,9
2017-06-05T08:03:59.00Z,61.8722889,6.8434857,231.412,-6.89,3.63,12.90,0.489,0.852,0.23,3,9
2017-06-05T08:03:59.20Z,61.8722798,6.8434968,228.874,-5.08,2.96,12.77,0.489,0.852,0.23,3,9
2017-06-05T08:03:59.40Z,61.8722724,6.8435096,226.673,-4.23,3.42,11.76,0.488,0.851,0.22,3,9
2017-06-05T08:03:59.60Z,61.8722656,6.8435235,224.614,-3.78,3.72,11.01,0.488,0.851,0.21,3,9
2017-06-05T08:03:59.80Z,61.8722599,6.8435371,222.729,-3.24,3.63,10.22,0.486,0.849,0.19,3,9
2017-06-05T08:04:00.00Z,61.8722549,6.8435497,220.919,-2.81,3.32,9.64,0.486,0.848,0.19,3,9
2017-06-05T08:04:00.20Z,61.8722500,6.8435635,219.174,-2.73,3.66,9.14,0.486,0.847,0.19,3,8
2017-06-05T08:04:00.40Z,61.8722452,6.8435804,217.537,-2.71,4.43,8.66,0.486,0.845,0.19,3,9
2017-06-05T08:04:00.60Z,61.8722405,6.8435991,215.914,-2.67,4.93,8.34,0.485,0.844,0.19,3,9
2017-06-05T08:04:00.80Z,61.8722354,6.8436175,214.350,-2.88,4.81,8.06,0.483,0.843,0.17,3,9
2017-06-05T08:04:01.00Z,61.8722302,6.8436349,212.858,-2.94,4.61,7.77,0.482,0.841,0.17,3,9
2017-06-05T08:04:01.20Z,61.8722244,6.8436518,211.393,-3.26,4.46,7.56,0.481,0.840,0.17,3,9
2017-06-05T08:04:01.40Z,61.8722176,6.8436685,209.956,-3.79,4.37,7.43,0.480,0.838,0.17,3,9
2017-06-05T08:04:01.60Z,61.8722102,6.8436879,208.551,-4.20,5.08,7.31,0.480,0.837,0.16,3,9
2017-06-05T08:04:01.80Z,61.8722016,6.8437076,207.102,-4.80,5.24,7.32,0.479,0.836,0.16,3,9
2017-06-05T08:04:02.00Z,61.8721928,6.8437262,205.682,-4.92,4.91,7.16,0.479,0.836,0.17,3,9
2017-06-05T08:04:02.20Z,61.8721843,6.8437447,204.364,-4.77,4.87,6.81,0.478,0.837,0.17,3,9
2017-06-05T08:04:02.40Z,61.8721755,6.8437643,203.071,-4.90,5.13,6.63,0.478,0.837,0.16,3,9
2017-06-05T08:04:02.60Z,61.8721660,6.8437860,201.760,-5.31,5.65,6.63,0.477,0.837,0.16,3,9
2017-06-05T08:04:02.80Z,61.8721569,6.8438097,200.515,-5.05,6.23,6.49,0.476,0.837,0.15,3,9
2017-06-05T08:04:03.00Z,61.8721482,6.8438353,199.270,-4.83,6.62,6.31,0.474,0.836,0.15,3,9
2017-06-05T08:04:03.20Z,61.8721396,6.8438619,198.078,-4.79,6.93,6.11,0.473,0.835,0.15,3,9
2017-06-05T08:04:03.40Z,61.8721315,6.8438898,196.899,-4.53,7.33,5.98,0.472,0.834,0.14,3,9
2017-06-05T08:04:03.60Z,61.8721233,6.8439195,195.772,-4.51,7.79,5.81,0.471,0.834,0.14,3,9
2017-06-05T08:04:03.80Z,61.8721156,6.8439507,194.700,-4.28,8.21,5.60,0.470,0.833,0.14,3,9
2017-06-05T08:04:04.00Z,61.8721082,6.8439824,193.699,-4.06,8.34,5.28,0.469,0.833,0.13,3,9
2017-06-05T08:04:04.20Z,61.8721007,6.8440146,192.735,-4.16,8.46,5.08,0.469,0.832,0.13,3,9
2017-06-05T08:04:04.40Z,61.8720931,6.8440464,191.813,-4.18,8.39,4.86,0.468,0.831,0.13,3,9
2017-06-05T08:04:04.60Z,61.8720854,6.8440781,190.913,-4.25,8.41,4.72,0.467,0.830,0.13,3,9
2017-06-05T08:04:04.80Z,61.8720776,6.8441099,190.055,-4.32,8.41,4.53,0.467,0.829,0.12,3,9
2017-06-05T08:04:05.00Z,61.8720697,6.8441409,189.206,-4.33,8.20,4.40,0.467,0.828,0.12,3,9
2017-06-05T08:04:05.20Z,61.8720615,6.8441714,188.367,-4.48,8.06,4.30,0.466,0.827,0.12,3,9
2017-06-05T08:04:05.40Z,61.8720533,6.8442009,187.533,-4.56,7.82,4.24,0.466,0.826,0.12,3,9
2017-06-05T08:04:05.60Z,61.8720448,6.8442306,186.703,-4.75,7.86,4.21,0.465,0.825,0.12,3,9
2017-06-05T08:04:05.80Z,61.8720361,6.8442592,185.878,-4.78,7.58,4.20,0.465,0.824,0.12,3,9
2017-06-05T08:04:06.00Z,61.8720277,6.8442881,185.043,-4.69,7.68,4.18,0.464,0.823,0.12,3,9
2017-06-05T08:04:06.20Z,61.8720193,6.8443174,184.240,-4.70,7.78,4.07,0.463,0.822,0.12,3,9
2017-06-05T08:04:06.40Z,61.8720110,6.8443456,183.394,-4.61,7.49,4.19,0.463,0.821,0.13,3,9
2017-06-05T08:04:06.60Z,61.8720027,6.8443738,182.555,-4.62,7.52,4.19,0.463,0.821,0.13,3,9
2017-06-05T08:04:06.80Z,61.8719952,6.8444005,181.628,-4.21,7.08,4.44,0.464,0.820,0.14,3,9
2017-06-05T08:04:07.00Z,61.8719873,6.8444280,180.685,-4.35,7.26,4.56,0.465,0.820,0.15,3,9
2017-06-05T08:04:07.20Z,61.8719795,6.8444564,179.761,-4.35,7.49,4.50,0.467,0.820,0.15,3,9
2017-06-05T08:04:07.40Z,61.8719719,6.8444849,178.892,-4.27,7.48,4.32,0.469,0.821,0.15,3,9
2017-06-05T08:04:07.60Z,61.8719639,6.8445148,178.037,-4.48,7.83,4.16,0.470,0.820,0.14,3,9
2017-06-05T08:04:07.80Z,61.8719554,6.8445446,177.071,-4.72,7.97,4.64,0.470,0.819,0.12,3,9
2017-06-05T08:04:08.00Z,61.8719471,6.8445741,176.056,-4.71,7.80,4.86,0.470,0.819,0.13,3,9
2017-06-05T08:04:08.20Z,61.8719394,6.8446029,175.063,-4.39,7.60,4.82,0.468,0.818,0.13,3,9
2017-06-05T08:04:08.40Z,61.8719317,6.8446316,174.041,-4.35,7.58,4.98,0.468,0.817,0.14,3,9
2017-06-05T08:04:08.60Z,61.8719242,6.8446605,172.976,-4.12,7.62,5.23,0.467,0.816,0.13,3,9
2017-06-05T08:04:08.80Z,61.8719168,6.8446890,171.861,-4.15,7.55,5.53,0.466,0.815,0.13,3,9
2017-06-05T08:04:09.00Z,61.8719090,6.8447182,170.647,-4.36,7.72,5.90,0.466,0.815,0.13,3,9
2017-06-05T08:04:09.20Z,61.8719008,6.8447482,169.391,-4.54,7.91,6.20,0.465,0.813,0.13,3,9
2017-06-05T08:04:09.40Z,61.8718924,6.8447787,168.111,-4.73,8.04,6.35,0.464,0.813,0.14,3,9
2017-06-05T08:04:09.60Z,61.8718841,6.8448098,166.776,-4.75,8.16,6.45,0.463,0.812,0.14,3,9
2017-06-05T08:04:09.80Z,61.8718757,6.8448411,165.455,-4.79,8.20,6.45,0.462,0.812,0.14,3,9
2017-06-05T08:04:10.00Z,61.8718670,6.8448725,164.142,-4.95,8.24,6.49,0.462,0.811,0.14,3,9
2017-06-05T08:04:10.20Z,61.8718579,6.8449043,162.838,-5.13,8.36,6.54,0.461,0.810,0.14,3,9
2017-06-05T08:04:10.40Z,61.8718486,6.8449369,161.520,-5.26,8.52,6.52,0.460,0.810,0.14,3,9
2017-06-05T08:04:10.60Z,61.8718391,6.8449700,160.226,-5.36,8.69,6.47,0.460,0.809,0.14,3,9
2017-06-05T08:04:10.80Z,61.8718293,6.8450030,158.957,-5.50,8.67,6.37,0.459,0.809,0.14,3,9
2017-06-05T08:04:11.00Z,61.8718197,6.8450349,157.724,-5.43,8.45,6.22,0.458,0.808,0.13,3,9
2017-06-05T08:04:11.20Z,61.8718095,6.8450678,156.493,-5.69,8.66,6.22,0.458,0.807,0.13,3,9
2017-06-05T08:04:11.40Z,61.8717991,6.8451008,155.286,-5.80,8.73,6.18,0.458,0.805,0.12,3,9
2017-06-05T08:04:11.60Z,61.8717884,6.8451338,154.091,-6.02,8.71,6.06,0.457,0.804,0.12,3,9
2017-06-05T08:04:11.80Z,61.8717775,6.8451666,152.929,-6.07,8.69,5.87,0.457,0.803,0.12,3,9
2017-06-05T08:04:12.00Z,61.8717662,6.8452004,151.764,-6.32,8.92,5.85,0.457,0.802,0.13,3,9
2017-06-05T08:04:12.20Z,61.8717552,6.8452328,150.643,-6.18,8.53,5.62,0.456,0.801,0.13,3,9
2017-06-05T08:04:12.40Z,61.8717443,6.8452652,149.522,-6.18,8.52,5.56,0.455,0.800,0.13,3,9
2017-06-05T08:04:12.60Z,61.8717336,6.8452973,148.437,-6.05,8.46,5.45,0.455,0.799,0.13,3,9
2017-06-05T08:04:12.80Z,61.8717231,6.8453291,147.347,-5.90,8.35,5.43,0.454,0.799,0.13,3,9
2017-06-05T08:04:13.00Z,61.8717124,6.8453609,146.274,-5.98,8.37,5.41,0.453,0.798,0.13,3,9
2017-06-05T08:04:13.20Z,61.8717016,6.8453923,145.208,-6.10,8.22,5.35,0.453,0.797,0.13,3,9
2017-06-05T08:04:13.40Z,61.8716908,6.8454236,144.158,-6.05,8.21,5.34,0.452,0.796,0.12,3,9
2017-06-05T08:04:13.60Z,61.8716803,6.8454551,143.102,-5.95,8.26,5.29,0.452,0.795,0.13,3,9
2017-06-05T08:04:13.80Z,61.8716697,6.8454867,142.055,-5.89,8.28,5.27,0.451,0.794,0.13,3,9
2017-06-05T08:04:14.00Z,61.8716594,6.8455180,141.041,-5.84,8.21,5.11,0.450,0.793,0.13,3,9
2017-06-05T08:04:14.20Z,61.8716490,6.8455485,140.024,-5.82,7.99,5.07,0.450,0.792,0.13,3,9
2017-06-05T08:04:14.40Z,61.8716387,6.8455788,139.020,-5.82,7.95,5.03,0.449,0.791,0.13,3,9
2017-06-05T08:04:14.60Z,61.8716281,6.8456092,138.017,-5.91,7.97,5.04,0.448,0.791,0.13,3,9
2017-06-05T08:04:14.80Z,61.8716173,6.8456394,137.038,-6.06,7.90,4.95,0.448,0.790,0.13,3,9
2017-06-05T08:04:15.00Z,61.8716063,6.8456686,136.074,-6.15,7.67,4.88,0.447,0.789,0.13,3,9
2017-06-05T08:04:15.20Z,61.8715951,6.8456969,135.123,-6.29,7.43,4.81,0.446,0.788,0.13,3,9
2017-06-05T08:04:15.40Z,61.8715838,6.8457245,134.175,-6.32,7.24,4.80,0.446,0.787,0.13,3,9
2017-06-05T08:04:15.60Z,61.8715723,6.8457515,133.232,-6.44,7.09,4.77,0.445,0.786,0.13,3,9
2017-06-05T08:04:15.80Z,61.8715605,6.8457774,132.301,-6.63,6.79,4.69,0.444,0.785,0.13,3,9
2017-06-05T08:04:16.00Z,61.8715483,6.8458022,131.392,-6.82,6.52,4.64,0.443,0.784,0.12,3,9
2017-06-05T08:04:16.20Z,61.8715357,6.8458257,130.476,-7.04,6.19,4.65,0.443,0.783,0.12,3,9
2017-06-05T08:04:16.40Z,61.8715227,6.8458480,129.582,-7.23,5.84,4.57,0.442,0.781,0.13,3,9
2017-06-05T08:04:16.60Z,61.8715095,6.8458691,128.676,-7.39,5.54,4.55,0.441,0.780,0.13,3,9
2017-06-05T08:04:16.80Z,61.8714960,6.8458888,127.778,-7.56,5.17,4.52,0.440,0.779,0.12,3,9
2017-06-05T08:04:17.00Z,61.8714822,6.8459071,126.897,-7.71,4.77,4.49,0.439,0.777,0.13,3,9
2017-06-05T08:04:17.20Z,61.8714680,6.8459235,126.017,-7.93,4.29,4.46,0.439,0.776,0.13,3,9
2017-06-05T08:04:17.40Z,61.8714537,6.8459389,125.130,-8.00,4.02,4.49,0.438,0.775,0.13,3,9
2017-06-05T08:04:17.60Z,61.8714390,6.8459526,124.231,-8.21,3.57,4.56,0.438,0.774,0.13,3,9
2017-06-05T08:04:17.80Z,61.8714240,6.8459650,123.297,-8.36,3.21,4.67,0.437,0.773,0.13,3,9
2017-06-05T08:04:18.00Z,61.8714086,6.8459752,122.326,-8.54,2.67,4.88,0.437,0.772,0.13,3,9
2017-06-05T08:04:18.20Z,61.8713930,6.8459838,121.333,-8.68,2.24,5.02,0.436,0.771,0.13,3,9
2017-06-05T08:04:18.40Z,61.8713771,6.8459910,120.307,-8.83,1.85,5.22,0.436,0.770,0.13,3,9
2017-06-05T08:04:18.60Z,61.8713612,6.8459969,119.253,-8.90,1.52,5.31,0.435,0.769,0.14,3,9
2017-06-05T08:04:18.80Z,61.8713451,6.8460015,118.181,-8.95,1.18,5.40,0.435,0.767,0.13,3,9
2017-06-05T08:04:19.00Z,61.8713288,6.8460049,117.098,-9.07,0.86,5.47,0.434,0.766,0.13,3,9
2017-06-05T08:04:19.20Z,61.8713123,6.8460074,116.020,-9.13,0.60,5.45,0.434,0.765,0.13,3,9
2017-06-05T08:04:19.40Z,61.8712957,6.8460088,114.927,-9.26,0.33,5.56,0.434,0.764,0.14,3,9
2017-06-05T08:04:19.60Z,61.8712789,6.8460090,113.818,-9.33,0.03,5.61,0.433,0.763,0.14,3,9
2017-06-05T08:04:19.80Z,61.8712617,6.8460086,112.702,-9.53,-0.15,5.64,0.433,0.762,0.14,3,9
2017-06-05T08:04:20.00Z,61.8712447,6.8460074,111.568,-9.51,-0.35,5.66,0.433,0.761,0.14,3,9
2017-06-05T08:04:20.20Z,61.8712274,6.8460056,110.425,-9.62,-0.51,5.73,0.432,0.760,0.14,3,9
2017-06-05T08:04:20.40Z,61.8712101,6.8460036,109.298,-9.58,-0.57,5.69,0.432,0.760,0.14,3,9
2017-06-05T08:04:20.60Z,61.8711927,6.8460007,108.154,-9.67,-0.80,5.78,0.432,0.759,0.14,3,9
2017-06-05T08:04:20.80Z,61.8711751,6.8459961,106.976,-9.76,-1.25,5.92,0.432,0.758,0.14,3,9
2017-06-05T08:04:21.00Z,61.8711575,6.8459906,105.804,-9.79,-1.49,5.91,0.432,0.758,0.15,3,9
2017-06-05T08:04:21.20Z,61.8711396,6.8459850,104.660,-9.95,-1.54,5.82,0.432,0.757,0.14,3,9
2017-06-05T08:04:21.40Z,61.8711218,6.8459786,103.551,-9.91,-1.72,5.64,0.432,0.757,0.14,3,9
2017-06-05T08:04:21.60Z,61.8711041,6.8459713,102.449,-9.85,-1.96,5.57,0.433,0.757,0.14,3,9
2017-06-05T08:04:21.80Z,61.8710865,6.8459631,101.364,-9.75,-2.22,5.52,0.433,0.757,0.15,3,9
2017-06-05T08:04:22.00Z,61.8710690,6.8459542,100.293,-9.74,-2.37,5.45,0.433,0.757,0.15,3,9
2017-06-05T08:04:22.20Z,61.8710513,6.8459447,99.257,-9.81,-2.55,5.34,0.433,0.756,0.14,3,9
2017-06-05T08:04:22.40Z,61.8710336,6.8459346,98.231,-9.84,-2.70,5.24,0.433,0.756,0.14,3,9
2017-06-05T08:04:22.60Z,61.8710161,6.8459240,97.216,-9.71,-2.82,5.17,0.434,0.756,0.14,3,9
2017-06-05T08:04:22.80Z,61.8709988,6.8459133,96.212,-9.64,-2.86,5.14,0.434,0.756,0.14,3,9
2017-06-05T08:04:23.00Z,61.8709816,6.8459020,95.219,-9.53,-3.01,5.10,0.434,0.756,0.14,3,9
2017-06-05T08:04:23.20Z,61.8709646,6.8458903,94.264,-9.50,-3.12,4.94,0.434,0.755,0.14,3,9
2017-06-05T08:04:23.40Z,61.8709475,6.8458776,93.341,-9.44,-3.35,4.82,0.434,0.755,0.13,3,9
2017-06-05T08:04:23.60Z,61.8709309,6.8458642,92.448,-9.23,-3.56,4.64,0.434,0.754,0.15,3,9
2017-06-05T08:04:23.80Z,61.8709145,6.8458499,91.577,-9.09,-3.81,4.50,0.434,0.754,0.14,3,9
2017-06-05T08:04:24.00Z,61.8708985,6.8458344,90.706,-8.86,-4.11,4.43,0.434,0.754,0.16,3,9
2017-06-05T08:04:24.20Z,61.8708830,6.8458177,89.858,-8.63,-4.44,4.33,0.435,0.754,0.15,3,9
2017-06-05T08:04:24.40Z,61.8708678,6.8457996,89.009,-8.40,-4.78,4.31,0.435,0.755,0.15,3,9
2017-06-05T08:04:24.60Z,61.8708532,6.8457808,88.173,-8.12,-4.98,4.26,0.436,0.755,0.16,3,9
2017-06-05T08:04:24.80Z,61.8708392,6.8457598,87.288,-7.73,-5.54,4.40,0.436,0.756,0.16,3,9
2017-06-05T08:04:25.00Z,61.8708254,6.8457375,86.359,-7.65,-5.89,4.62,0.437,0.757,0.16,3,9
2017-06-05T08:04:25.20Z,61.8708121,6.8457138,85.392,-7.32,-6.27,4.83,0.438,0.758,0.16,3,9
2017-06-05T08:04:25.40Z,61.8707995,6.8456893,84.395,-7.00,-6.46,4.94,0.438,0.759,0.16,3,9
2017-06-05T08:04:25.60Z,61.8707869,6.8456646,83.406,-6.95,-6.56,4.97,0.439,0.760,0.16,3,9
2017-06-05T08:04:25.80Z,61.8707744,6.8456389,82.372,-6.94,-6.80,5.10,0.440,0.761,0.15,3,9
2017-06-05T08:04:26.00Z,61.8707620,6.8456117,81.307,-6.86,-7.19,5.28,0.441,0.762,0.15,3,9
2017-06-05T08:04:26.20Z,61.8707498,6.8455840,80.247,-6.77,-7.32,5.29,0.441,0.762,0.14,3,9
2017-06-05T08:04:26.40Z,61.8707383,6.8455557,79.226,-6.40,-7.51,5.20,0.442,0.762,0.14,3,9
2017-06-05T08:04:26.60Z,61.8707269,6.8455274,78.255,-6.36,-7.50,5.00,0.442,0.762,0.14,3,9
2017-06-05T08:04:26.80Z,61.8707154,6.8454987,77.302,-6.39,-7.62,4.85,0.443,0.763,0.14,3,9
2017-06-05T08:04:27.00Z,61.8707044,6.8454694,76.387,-6.12,-7.78,4.70,0.443,0.764,0.14,3,9
2017-06-05T08:04:27.20Z,61.8706944,6.8454395,75.527,-5.58,-7.93,4.44,0.444,0.765,0.14,3,9
2017-06-05T08:04:27.40Z,61.8706855,6.8454091,74.695,-4.98,-8.07,4.33,0.444,0.766,0.13,3,9
2017-06-05T08:04:27.60Z,61.8706778,6.8453778,73.875,-4.32,-8.30,4.21,0.445,0.768,0.15,3,9
2017-06-05T08:04:27.80Z,61.8706713,6.8453461,73.057,-3.68,-8.40,4.20,0.446,0.770,0.15,3,9
2017-06-05T08:04:28.00Z,61.8706662,6.8453140,72.229,-2.83,-8.51,4.22,0.447,0.773,0.15,3,8
2017-06-05T08:04:28.20Z,61.8706630,6.8452814,71.339,-1.83,-8.63,4.49,0.448,0.775,0.14,3,8
2017-06-05T08:04:28.40Z,61.8706614,6.8452485,70.390,-0.89,-8.72,4.80,0.449,0.778,0.15,3,9
2017-06-05T08:04:28.60Z,61.8706617,6.8452158,69.328,0.15,-8.64,5.18,0.449,0.780,0.15,3,8
2017-06-05T08:04:28.80Z,61.8706641,6.8451838,68.153,1.30,-8.45,5.63,0.451,0.784,0.18,3,8
2017-06-05T08:04:29.00Z,61.8706685,6.8451531,66.888,2.48,-8.10,6.09,0.453,0.788,0.19,3,8
2017-06-05T08:04:29.20Z,61.8706751,6.8451240,65.549,3.60,-7.67,6.50,0.455,0.792,0.20,3,8
2017-06-05T08:04:29.40Z,61.8706835,6.8450969,64.131,4.67,-7.15,6.89,0.457,0.795,0.20,3,8
2017-06-05T08:04:29.60Z,61.8706939,6.8450730,62.645,5.76,-6.31,7.22,0.459,0.798,0.20,3,9
2017-06-05T08:04:29.80Z,61.8707063,6.8450525,61.092,6.89,-5.41,7.59,0.461,0.801,0.20,3,9
2017-06-05T08:04:30.00Z,61.8707205,6.8450352,59.436,7.89,-4.55,8.00,0.462,0.804,0.20,3,9
2017-06-05T08:04:30.20Z,61.8707360,6.8450225,57.698,8.65,-3.38,8.45,0.464,0.806,0.19,3,9
2017-06-05T08:04:30.40Z,61.8707522,6.8450142,55.901,9.06,-2.24,8.80,0.464,0.808,0.17,3,8
2017-06-05T08:04:30.60Z,61.8707692,6.8450097,54.051,9.46,-1.22,9.06,0.464,0.810,0.17,3,9
2017-06-05T08:04:30.80Z,61.8707868,6.8450090,52.236,9.79,-0.21,9.03,0.465,0.811,0.17,3,8
2017-06-05T08:04:31.00Z,61.8708050,6.8450123,50.505,10.10,0.86,8.71,0.465,0.813,0.16,3,9
2017-06-05T08:04:31.20Z,61.8708239,6.8450194,48.892,10.47,1.84,8.25,0.467,0.816,0.17,3,8
2017-06-05T08:04:31.40Z,61.8708436,6.8450287,47.404,10.95,2.45,7.69,0.469,0.819,0.17,3,8
2017-06-05T08:04:31.60Z,61.8708636,6.8450399,46.052,11.14,2.91,7.12,0.471,0.822,0.18,3,8
2017-06-05T08:04:31.80Z,61.8708833,6.8450518,44.846,11.00,3.08,6.47,0.473,0.826,0.18,3,8
2017-06-05T08:04:32.00Z,61.8709030,6.8450637,43.782,11.05,3.04,5.83,0.475,0.829,0.17,3,8
2017-06-05T08:04:32.20Z,61.8709229,6.8450752,42.753,11.11,2.96,5.49,0.477,0.833,0.17,3,8
2017-06-05T08:04:32.40Z,61.8709426,6.8450862,41.764,11.08,2.81,5.32,0.479,0.837,0.17,3,8
2017-06-05T08:04:32.60Z,61.8709619,6.8450964,40.819,10.86,2.56,5.07,0.482,0.841,0.17,3,8
2017-06-05T08:04:32.80Z,61.8709808,6.8451057,39.985,10.61,2.32,4.62,0.482,0.842,0.15,3,8
2017-06-05T08:04:33.00Z,61.8709993,6.8451135,39.203,10.36,1.93,4.25,0.482,0.843,0.15,3,8
2017-06-05T08:04:33.20Z,61.8710177,6.8451190,38.475,10.28,1.34,3.93,0.482,0.845,0.15,3,8
2017-06-05T08:04:33.40Z,61.8710359,6.8451226,37.773,10.20,0.85,3.72,0.483,0.847,0.16,3,8
2017-06-05T08:04:33.60Z,61.8710542,6.8451250,37.126,10.23,0.53,3.39,0.484,0.848,0.15,3,8
2017-06-05T08:04:33.80Z,61.8710713,6.8451262,36.525,9.63,0.15,3.32,0.484,0.850,0.15,3,9
2017-06-05T08:04:34.00Z,61.8710871,6.8451248,35.884,8.89,-0.51,3.34,0.484,0.851,0.15,3,8
2017-06-05T08:04:34.20Z,61.8711018,6.8451188,34.959,8.18,-1.56,3.93,0.484,0.850,0.17,3,9
2017-06-05T08:04:34.40Z,61.8711160,6.8451109,34.244,8.06,-2.26,4.03,0.484,0.850,0.18,3,9
2017-06-05T08:04:34.60Z,61.8711294,6.8451003,33.420,7.59,-2.92,4.39,0.484,0.852,0.19,3,9
2017-06-05T08:04:34.80Z,61.8711422,6.8450865,32.540,7.28,-3.71,4.65,0.485,0.854,0.18,3,9
2017-06-05T08:04:35.00Z,61.8711540,6.8450703,31.492,6.69,-4.29,5.16,0.485,0.856,0.18,3,9
2017-06-05T08:04:35.20Z,61.8711641,6.8450515,30.258,5.76,-4.94,5.78,0.484,0.853,0.17,3,9
2017-06-05T08:04:35.40Z,61.8711731,6.8450299,28.974,5.06,-5.72,6.24,0.484,0.853,0.17,3,9
2017-06-05T08:04:35.60Z,61.8711808,6.8450049,27.503,4.41,-6.65,7.00,0.483,0.852,0.17,3,9
2017-06-05T08:04:35.80Z,61.8711875,6.8449764,25.934,3.84,-7.55,7.61,0.483,0.851,0.17,3,9
2017-06-05T08:04:36.00Z,61.8711931,6.8449456,24.333,3.15,-8.20,7.93,0.482,0.850,0.17,3,9
2017-06-05T08:04:36.20Z,61.8711973,6.8449128,22.709,2.46,-8.70,8.16,0.481,0.849,0.16,3,9
2017-06-05T08:04:36.40Z,61.8712002,6.8448785,21.075,1.63,-9.13,8.33,0.481,0.848,0.17,3,9
2017-06-05T08:04:36.60Z,61.8712014,6.8448422,19.411,0.77,-9.66,8.46,0.481,0.846,0.17,3,9
2017-06-05T08:04:36.80Z,61.8712021,6.8448040,17.785,0.33,-10.13,8.32,0.480,0.844,0.16,3,9
2017-06-05T08:04:37.00Z,61.8712019,6.8447642,16.225,-0.10,-10.64,8.17,0.478,0.842,0.16,3,9
2017-06-05T08:04:37.20Z,61.8712008,6.8447232,14.716,-0.56,-10.92,7.89,0.477,0.841,0.16,3,9
2017-06-05T08:04:37.40Z,61.8711991,6.8446814,13.312,-0.93,-11.13,7.50,0.476,0.839,0.15,3,9
2017-06-05T08:04:37.60Z,61.8711969,6.8446392,11.998,-1.23,-11.20,7.00,0.475,0.837,0.15,3,9
2017-06-05T08:04:37.80Z,61.8711943,6.8445967,10.862,-1.46,-11.31,6.24,0.475,0.837,0.15,3,9
2017-06-05T08:04:38.00Z,61.8711915,6.8445547,9.934,-1.61,-11.21,5.35,0.474,0.837,0.14,3,9
2017-06-05T08:04:38.20Z,61.8711888,6.8445134,9.195,-1.58,-10.98,4.46,0.473,0.837,0.13,3,9
2017-06-05T08:04:38.40Z,61.8711856,6.8444727,8.629,-1.80,-10.87,3.57,0.473,0.838,0.13,3,9
2017-06-05T08:04:38.60Z,61.8711828,6.8444348,8.250,-1.70,-10.16,2.75,0.473,0.838,0.12,3,9
2017-06-05T08:04:38.80Z,61.8711803,6.8444000,7.926,-1.50,-9.31,2.17,0.472,0.838,0.12,3,9
2017-06-05T08:04:39.00Z,61.8711779,6.8443679,7.668,-1.42,-8.60,1.76,0.471,0.837,0.11,3,9
2017-06-05T08:04:39.20Z,61.8711756,6.8443385,7.445,-1.35,-7.91,1.49,0.471,0.837,0.11,3,9
2017-06-05T08:04:39.40Z,61.8711734,6.8443118,7.220,-1.26,-7.15,1.34,0.471,0.837,0.11,3,9
2017-06-05T08:04:39.60Z,61.8711707,6.8442910,7.157,-1.55,-5.58,0.62,0.471,0.838,0.11,3,9
2017-06-05T08:04:39.80Z,61.8711706,6.8442745,7.086,-0.15,-4.44,0.52,0.471,0.838,0.10,3,9
2017-06-05T08:04:40.00Z,61.8711688,6.8442626,6.992,-0.97,-3.24,0.59,0.472,0.841,0.12,3,9
2017-06-05T08:04:40.20Z,61.8711671,6.8442521,6.817,-0.97,-2.82,0.74,0.476,0.848,0.15,3,9
2017-06-05T08:04:40.40Z,61.8711641,6.8442338,7.048,-1.78,-4.77,-0.44,0.478,0.852,0.13,3,9
2017-06-05T08:04:40.60Z,61.8711623,6.8442264,7.337,-1.15,-2.08,-0.86,0.479,0.852,0.12,3,9
2017-06-05T08:04:40.80Z,61.8711601,6.8442199,7.284,-1.22,-1.76,-0.19,0.478,0.852,0.10,3,9
2017-06-05T08:04:41.00Z,61.8711596,6.8442122,7.268,-0.31,-2.09,0.00,0.479,0.853,0.10,3,9
2017-06-05T08:04:41.20Z,61.8711609,6.8442007,7.243,0.62,-3.08,0.02,0.481,0.855,0.12,3,9
2017-06-05T08:04:41.40Z,61.8711599,6.8441941,7.409,-0.63,-1.81,-0.46,0.483,0.856,0.17,3,9
2017-06-05T08:04:41.60Z,61.8711594,6.8441868,7.265,-0.25,-1.89,0.20,0.486,0.859,0.17,3,9
2017-06-05T08:04:41.80Z,61.8711602,6.8441782,7.333,0.31,-2.29,-0.07,0.490,0.862,0.19,3,9
2017-06-05T08:04:42.00Z,61.8711602,6.8441718,7.395,-0.06,-1.78,-0.27,0.494,0.866,0.14,3,9
2017-06-05T08:04:42.20Z,61.8711619,6.8441639,7.197,0.94,-2.04,0.29,0.498,0.872,0.18,3,9
2017-06-05T08:04:42.40Z,61.8711632,6.8441568,7.305,0.58,-1.94,-0.15,0.503,0.879,0.16,3,9
2017-06-05T08:04:42.60Z,61.8711640,6.8441501,7.283,0.45,-1.78,-0.12,0.507,0.885,0.15,3,9
2017-06-05T08:04:42.80Z,61.8711651,6.8441432,7.153,0.65,-1.84,0.15,0.512,0.893,0.13,3,9
2017-06-05T08:04:43.00Z,61.8711669,6.8441344,7.124,0.95,-2.37,0.09,0.513,0.897,0.13,3,9
2017-06-05T08:04:43.20Z,61.8711688,6.8441267,7.183,0.99,-2.05,-0.16,0.517,0.901,0.15,3,9
2017-06-05T08:04:43.40Z,61.8711694,6.8441195,6.954,0.46,-1.91,0.34,0.520,0.905,0.11,3,9
2017-06-05T08:04:43.60Z,61.8711714,6.8441115,7.020,0.94,-2.17,0.05,0.522,0.909,0.14,3,9
2017-06-05T08:04:43.80Z,61.8711717,6.8441046,7.273,-0.06,-1.91,-0.59,0.523,0.909,0.11,3,9
2017-06-05T08:04:44.00Z,61.8711722,6.8440969,7.037,0.38,-2.10,0.19,0.523,0.908,0.09,3,9
2017-06-05T08:04:44.20Z,61.8711737,6.8440886,6.947,0.79,-2.28,0.26,0.522,0.908,0.09,3,9
2017-06-05T08:04:44.40Z,61.8711763,6.8440811,6.999,1.20,-2.01,-0.04,0.522,0.909,0.12,3,9
2017-06-05T08:04:44.60Z,61.8711773,6.8440748,6.948,0.50,-1.64,0.03,0.525,0.911,0.14,3,9
2017-06-05T08:04:44.80Z,61.8711784,6.8440682,6.937,0.43,-1.77,0.04,0.524,0.908,0.13,3,9
2017-06-05T08:04:45.00Z,61.8711802,6.8440609,7.000,0.77,-1.83,-0.17,0.523,0.905,0.10,3,9
2017-06-05T08:04:45.20Z,61.8711813,6.8440554,6.952,0.43,-1.33,0.04,0.522,0.903,0.11,3,9
2017-06-05T08:04:45.40Z,61.8711825,6.8440490,6.886,0.60,-1.56,0.10,0.520,0.900,0.09,3,9
2017-06-05T08:04:45.60Z,61.8711828,6.8440450,6.950,0.10,-0.97,-0.29,0.518,0.898,0.10,3,9
2017-06-05T08:04:45.80Z,61.8711834,6.8440397,6.854,0.34,-1.28,0.09,0.516,0.895,0.09,3,9
2017-06-05T08:04:46.00Z,61.8711842,6.8440373,6.763,0.53,-0.53,0.19,0.514,0.892,0.13,3,9
2017-06-05T08:04:46.20Z,61.8711848,6.8440343,6.661,0.34,-0.78,0.30,0.512,0.890,0.12,3,9
2017-06-05T08:04:46.40Z,61.8711847,6.8440324,6.587,0.00,-0.54,0.32,0.511,0.889,0.17,3,9
2017-06-05T08:04:46.60Z,61.8711844,6.8440294,6.535,-0.18,-0.86,0.29,0.511,0.891,0.15,3,9
2017-06-05T08:04:46.80Z,61.8711847,6.8440275,6.478,0.16,-0.61,0.35,0.513,0.896,0.21,3,9
2017-06-05T08:04:47.00Z,61.8711855,6.8440243,6.418,0.32,-0.91,0.31,0.514,0.903,0.18,3,9
2017-06-05T08:04:47.20Z,61.8711871,6.8440180,6.323,0.84,-1.67,0.35,0.518,0.914,0.21,3,9
2017-06-05T08:04:47.40Z,61.8711873,6.8440152,6.355,0.09,-0.75,0.10,0.524,0.929,0.17,3,9
2017-06-05T08:04:47.60Z,61.8711864,6.8440143,6.360,-0.52,-0.23,0.04,0.530,0.942,0.24,3,9
2017-06-05T08:04:47.80Z,61.8711857,6.8440128,6.431,-0.44,-0.42,-0.10,0.540,0.959,0.29,3,9
2017-06-05T08:04:48.00Z,61.8711864,6.8440112,6.333,0.34,-0.47,0.11,0.547,0.976,0.28,3,9
2017-06-05T08:04:48.20Z,61.8711866,6.8440108,6.375,0.06,-0.17,-0.03,0.556,0.993,0.25,3,9
2017-06-05T08:04:48.40Z,61.8711862,6.8440140,6.607,-0.35,0.62,-0.38,0.565,1.012,0.32,3,9
2017-06-05T08:04:48.60Z,61.8711859,6.8440132,6.625,-0.26,-0.20,-0.39,0.565,1.009,0.23,3,9
2017-06-05T08:04:48.80Z,61.8711849,6.8440140,6.718,-0.38,0.13,-0.50,0.565,1.007,0.26,3,9
2017-06-05T08:04:49.00Z,61.8711840,6.8440140,6.681,-0.36,0.07,-0.27,0.562,0.999,0.18,3,9
2017-06-05T08:04:49.20Z,61.8711831,6.8440137,6.688,-0.28,-0.05,-0.21,0.560,0.996,0.16,3,9
2017-06-05T08:04:49.40Z,61.8711824,6.8440139,6.649,-0.31,0.13,-0.08,0.558,0.993,0.14,3,9
2017-06-05T08:04:49.60Z,61.8711819,6.8440152,6.555,-0.21,0.51,0.13,0.556,0.992,0.11,3,9
2017-06-05T08:04:49.80Z,61.8711823,6.8440167,6.442,0.14,0.39,0.44,0.555,0.991,0.17,3,9
2017-06-05T08:04:50.00Z,61.8711825,6.8440179,6.326,0.15,0.29,0.50,0.555,0.992,0.22,3,9
2017-06-05T08:04:50.20Z,61.8711823,6.8440189,6.249,0.05,0.24,0.41,0.555,0.993,0.23,3,9
2017-06-05T08:04:50.40Z,61.8711822,6.8440192,6.110,0.02,0.06,0.48,0.555,0.994,0.26,3,9
2017-06-05T08:04:50.60Z,61.8711821,6.8440190,6.214,-0.11,-0.14,-0.15,0.555,0.996,0.19,3,8
2017-06-05T08:04:50.80Z,61.8711819,6.8440173,6.239,-0.09,-0.46,-0.27,0.555,0.997,0.14,3,8
2017-06-05T08:04:51.00Z,61.8711812,6.8440154,6.372,-0.19,-0.53,-0.38,0.553,0.994,0.13,3,8
2017-06-05T08:04:51.20Z,61.8711809,6.8440133,6.518,-0.11,-0.57,-0.50,0.551,0.991,0.15,3,9
2017-06-05T08:04:51.40Z,61.8711808,6.8440113,6.565,-0.07,-0.41,-0.39,0.549,0.988,0.16,3,9
2017-06-05T08:04:51.60Z,61.8711800,6.8440100,6.546,-0.30,-0.25,-0.29,0.547,0.984,0.15,3,9
2017-06-05T08:04:51.80Z,61.8711794,6.8440097,6.567,-0.33,0.02,-0.18,0.545,0.980,0.13,3,9
2017-06-05T08:04:52.00Z,61.8711790,6.8440101,6.528,-0.11,0.23,-0.02,0.543,0.975,0.09,3,9
2017-06-05T08:04:52.20Z,61.8711788,6.8440102,6.531,0.08,0.17,-0.08,0.541,0.971,0.12,3,9
2017-06-05T08:04:52.40Z,61.8711789,6.8440102,6.504,0.26,0.07,-0.03,0.538,0.967,0.11,3,9
2017-06-05T08:04:52.60Z,61.8711787,6.8440095,6.486,0.16,-0.05,-0.01,0.537,0.963,0.11,3,9
2017-06-05T08:04:52.80Z,61.8711788,6.8440087,6.459,0.19,-0.09,0.00,0.535,0.960,0.11,3,9
2017-06-05T08:04:53.00Z,61.8711783,6.8440072,6.409,-0.04,-0.26,-0.02,0.533,0.957,0.11,3,9
2017-06-05T08:04:53.20Z,61.8711781,6.8440044,6.399,-0.04,-0.63,0.02,0.532,0.953,0.10,3,9
2017-06-05T08:04:53.40Z,61.8711776,6.8440021,6.381,-0.22,-0.42,0.01,0.531,0.949,0.13,3,9
2017-06-05T08:04:53.60Z,61.8711772,6.8440008,6.386,-0.19,-0.29,0.04,0.529,0.945,0.13,3,9
2017-06-05T08:04:53.80Z,61.8711774,6.8440000,6.406,0.10,-0.13,0.00,0.528,0.942,0.11,3,9
2017-06-05T08:04:54.00Z,61.8711777,6.8439995,6.435,0.05,-0.05,-0.07,0.527,0.939,0.15,3,9
2017-06-05T08:04:54.20Z,61.8711774,6.8439997,6.469,-0.19,0.04,0.03,0.526,0.936,0.11,3,9
2017-06-05T08:04:54.40Z,61.8711771,6.8439999,6.496,-0.23,0.08,0.07,0.525,0.933,0.13,3,9
2017-06-05T08:04:54.60Z,61.8711768,6.8439994,6.529,-0.23,-0.05,0.04,0.524,0.930,0.12,3,9
2017-06-05T08:04:54.80Z,61.8711767,6.8439989,6.523,-0.18,-0.05,0.11,0.523,0.928,0.15,3,9
2017-06-05T08:04:55.00Z,61.8711767,6.8439994,6.470,-0.08,0.17,0.24,0.521,0.924,0.16,3,9
2017-06-05T08:04:55.20Z,61.8711765,6.8440001,6.472,-0.09,0.18,0.19,0.520,0.922,0.16,3,9
2017-06-05T08:04:55.40Z,61.8711767,6.8440014,6.485,0.23,0.38,0.11,0.520,0.920,0.11,3,9
2017-06-05T08:04:55.60Z,61.8711774,6.8440040,6.462,0.50,0.67,0.22,0.520,0.919,0.12,3,9
2017-06-05T08:04:55.80Z,61.8711784,6.8440063,6.424,0.68,0.60,0.29,0.519,0.919,0.12,3,9
2017-06-05T08:04:56.00Z,61.8711791,6.8440066,6.397,0.48,0.09,0.19,0.519,0.919,0.16,3,9
2017-06-05T08:04:56.20Z,61.8711797,6.8440052,6.357,0.35,-0.32,0.15,0.518,0.916,0.14,3,9
2017-06-05T08:04:56.40Z,61.8711801,6.8440054,6.223,0.25,0.08,0.55,0.517,0.916,0.20,3,9
2017-06-05T08:04:56.60Z,61.8711802,6.8440057,6.054,0.19,0.07,0.79,0.516,0.915,0.22,3,9
2017-06-05T08:04:56.80Z,61.8711804,6.8440061,6.012,0.18,0.09,0.46,0.515,0.916,0.21,3,9
2017-06-05T08:04:57.00Z,61.8711805,6.8440059,6.019,0.07,-0.05,0.03,0.515,0.917,0.15,3,9
2017-06-05T08:04:57.20Z,61.8711800,6.8440058,6.022,-0.08,-0.07,0.04,0.513,0.915,0.13,3,9
2017-06-05T08:04:57.40Z,61.8711796,6.8440056,5.991,-0.07,-0.04,0.09,0.511,0.914,0.18,3,9
2017-06-05T08:04:57.60Z,61.8711794,6.8440053,5.965,-0.01,-0.07,0.05,0.509,0.912,0.16,3,9
2017-06-05T08:04:57.80Z,61.8711791,6.8440050,5.935,-0.02,-0.04,0.03,0.507,0.910,0.14,3,9
2017-06-05T08:04:58.00Z,61.8711789,6.8440045,5.910,-0.04,-0.09,0.00,0.505,0.908,0.08,3,9
2017-06-05T08:04:58.20Z,61.8711787,6.8440044,5.877,-0.02,0.00,0.00,0.503,0.905,0.12,3,9
2017-06-05T08:04:58.40Z,61.8711787,6.8440041,5.836,0.02,-0.02,0.02,0.501,0.903,0.15,3,9
2017-06-05T08:04:58.60Z,61.8711786,6.8440038,5.804,-0.02,-0.05,-0.02,0.499,0.900,0.10,3,9
2017-06-05T08:04:58.80Z,61.8711784,6.8440039,5.790,-0.12,0.07,-0.07,0.497,0.898,0.15,3,9
2017-06-05T08:04:59.00Z,61.8711783,6.8440043,5.800,-0.01,0.10,-0.17,0.496,0.897,0.18,3,9
2017-06-05T08:04:59.20Z,61.8711784,6.8440047,5.770,0.09,0.10,-0.06,0.496,0.896,0.13,3,9
2017-06-05T08:04:59.40Z,61.8711785,6.8440052,5.711,0.09,0.10,0.07,0.496,0.897,0.13,3,9
2017-06-05T08:04:59.60Z,61.8711786,6.8440053,5.667,0.13,-0.01,0.11,0.497,0.900,0.19,3,9
2017-06-05T08:04:59.80Z,61.8711785,6.8440051,5.633,-0.06,-0.05,-0.01,0.499,0.903,0.12,3,9
2017-06-05T08:05:00.00Z,61.8711780,6.8440050,5.631,-0.26,-0.05,-0.11,0.500,0.906,0.17,3,9
2017-06-05T08:05:00.20Z,61.8711777,6.8440048,5.619,-0.11,-0.09,-0.06,0.502,0.909,0.14,3,9
2017-06-05T08:05:00.40Z,61.8711783,6.8440053,5.590,0.38,0.07,0.09,0.503,0.911,0.15,3,9
2017-06-05T08:05:00.60Z,61.8711794,6.8440068,5.524,0.68,0.31,0.25,0.504,0.913,0.14,3,9
2017-06-05T08:05:00.80Z,61.8711798,6.8440072,5.384,0.18,0.10,0.38,0.504,0.914,0.21,3,9
2017-06-05T08:05:01.00Z,61.8711794,6.8440068,5.319,-0.15,-0.15,0.39,0.507,0.918,0.22,3,8
2017-06-05T08:05:01.20Z,61.8711793,6.8440061,5.249,-0.16,-0.11,0.23,0.509,0.922,0.21,3,8
2017-06-05T08:05:01.40Z,61.8711792,6.8440056,5.219,-0.09,-0.10,0.13,0.510,0.925,0.19,3,9
2017-06-05T08:05:01.60Z,61.8711789,6.8440052,5.212,-0.11,-0.08,0.04,0.512,0.927,0.14,3,8
2017-06-05T08:05:01.80Z,61.8711788,6.8440051,5.229,-0.01,0.02,0.01,0.512,0.929,0.16,3,8
2017-06-05T08:05:02.00Z,61.8711789,6.8440055,5.242,0.13,0.13,0.01,0.512,0.930,0.11,3,9
2017-06-05T08:05:02.20Z,61.8711788,6.8440058,5.272,0.01,0.11,-0.04,0.513,0.933,0.13,3,9
2017-06-05T08:05:02.40Z,61.8711792,6.8440057,5.202,0.25,0.01,0.17,0.514,0.937,0.19,3,8
2017-06-05T08:05:02.60Z,61.8711791,6.8440052,5.134,-0.05,-0.04,0.14,0.516,0.940,0.24,3,8
2017-06-05T08:05:02.80Z,61.8711790,6.8440056,5.204,-0.07,0.14,-0.20,0.518,0.944,0.23,3,8
2017-06-05T08:05:03.00Z,61.8711788,6.8440049,5.211,-0.03,-0.11,-0.12,0.519,0.946,0.19,3,8
2017-06-05T08:05:03.20Z,61.8711785,6.8440047,5.266,-0.05,-0.05,-0.14,0.520,0.950,0.24,3,8
2017-06-05T08:05:03.40Z,61.8711784,6.8440045,5.269,-0.02,-0.03,-0.06,0.522,0.956,0.24,3,8
2017-06-05T08:05:03.60Z,61.8711782,6.8440043,5.289,-0.04,-0.04,-0.06,0.524,0.962,0.20,3,8
2017-06-05T08:05:03.80Z,61.8711779,6.8440039,5.355,-0.13,-0.10,-0.11,0.526,0.966,0.18,3,8
2017-06-05T08:05:04.00Z,61.8711777,6.8440034,5.570,-0.11,-0.11,-0.50,0.526,0.965,0.23,3,9
2017-06-05T08:05:04.20Z,61.8711783,6.8440034,5.847,0.36,-0.03,-0.92,0.526,0.962,0.20,3,9
2017-06-05T08:05:04.40Z,61.8711792,6.8440033,5.961,0.56,-0.04,-0.63,0.527,0.962,0.19,3,9
2017-06-05T08:05:04.60Z,61.8711793,6.8440032,6.065,0.12,-0.06,-0.35,0.528,0.961,0.20,3,9
2017-06-05T08:05:04.80Z,61.8711795,6.8440028,6.088,0.12,-0.09,-0.14,0.528,0.960,0.18,3,9
2017-06-05T08:05:05.00Z,61.8711796,6.8440021,6.085,0.10,-0.18,0.02,0.530,0.961,0.18,3,9
2017-06-05T08:05:05.20Z,61.8711799,6.8440004,6.079,0.11,-0.41,-0.04,0.535,0.970,0.21,3,9
2017-06-05T08:05:05.40Z,61.8711789,6.8439990,6.018,-0.48,-0.35,0.10,0.540,0.977,0.16,3,9
2017-06-05T08:05:05.60Z,61.8711783,6.8439987,6.092,-0.32,-0.07,-0.08,0.547,0.983,0.23,3,8
2017-06-05T08:05:05.80Z,61.8711780,6.8439980,6.078,-0.20,-0.18,-0.05,0.550,0.986,0.14,3,8
2017-06-05T08:05:06.00Z,61.8711783,6.8439977,6.058,0.05,-0.04,-0.08,0.553,0.987,0.22,3,9
2017-06-05T08:05:06.20Z,61.8711790,6.8439998,6.113,0.24,0.61,-0.36,0.555,0.990,0.16,3,9
2017-06-05T08:05:06.40Z,61.8711789,6.8439994,6.122,-0.04,-0.10,-0.21,0.554,0.989,0.21,3,9
2017-06-05T08:05:06.60Z,61.8711789,6.8439993,6.144,0.02,-0.02,-0.12,0.554,0.987,0.22,3,9
2017-06-05T08:05:06.80Z,61.8711792,6.8440003,6.158,0.15,0.29,-0.14,0.552,0.986,0.13,3,9
2017-06-05T08:05:07.00Z,61.8711791,6.8440005,6.147,0.00,0.10,-0.11,0.551,0.984,0.17,3,9
2017-06-05T08:05:07.20Z,61.8711793,6.8440004,6.154,0.07,0.04,-0.18,0.550,0.981,0.18,3,9
2017-06-05T08:05:07.40Z,61.8711797,6.8439997,6.184,0.20,-0.11,-0.22,0.548,0.979,0.17,3,9
2017-06-05T08:05:07.60Z,61.8711798,6.8439987,6.204,0.09,-0.23,-0.09,0.548,0.978,0.15,3,9
2017-06-05T08:05:07.80Z,61.8711799,6.8439983,6.200,0.06,-0.08,-0.01,0.548,0.977,0.15,3,9
2017-06-05T08:05:08.00Z,61.8711812,6.8439978,6.262,0.54,-0.04,-0.26,0.546,0.973,0.16,3,9
2017-06-05T08:05:08.20Z,61.8711824,6.8439975,6.308,0.56,0.03,-0.28,0.543,0.969,0.14,3,9
2017-06-05T08:05:08.40Z,61.8711832,6.8439976,6.361,0.47,0.06,-0.19,0.540,0.965,0.15,3,9
2017-06-05T08:05:08.60Z,61.8711839,6.8439974,6.344,0.26,0.07,-0.11,0.538,0.962,0.15,3,9
2017-06-05T08:05:08.80Z,61.8711844,6.8439971,6.305,0.06,0.02,-0.05,0.536,0.959,0.17,3,9
2017-06-05T08:05:09.00Z,61.8711844,6.8439968,6.257,-0.16,0.07,0.00,0.534,0.956,0.13,3,9
2017-06-05T08:05:09.20Z,61.8711836,6.8439969,6.244,-0.51,0.09,0.06,0.531,0.951,0.12,3,9
2017-06-05T08:05:09.40Z,61.8711832,6.8439960,6.148,-0.43,-0.09,0.14,0.529,0.947,0.14,3,9
2017-06-05T08:05:09.60Z,61.8711834,6.8439950,6.091,-0.14,-0.16,0.07,0.527,0.944,0.14,3,9
2017-06-05T08:05:09.80Z,61.8711837,6.8439941,6.105,0.03,-0.23,-0.08,0.524,0.940,0.12,3,9
2017-06-05T08:05:10.00Z,61.8711842,6.8439933,6.126,0.12,-0.13,-0.13,0.522,0.936,0.15,3,9
2017-06-05T08:05:10.20Z,61.8711847,6.8439920,6.106,0.11,-0.19,-0.07,0.519,0.931,0.12,3,9
2017-06-05T08:05:10.40Z,61.8711847,6.8439911,6.089,-0.02,-0.18,0.06,0.516,0.927,0.10,3,9
2017-06-05T08:05:10.60Z,61.8711846,6.8439901,6.043,-0.15,-0.14,0.10,0.514,0.923,0.11,3,9
2017-06-05T08:05:10.80Z,61.8711846,6.8439896,6.028,-0.07,-0.05,0.05,0.511,0.919,0.13,3,9
2017-06-05T08:05:11.00Z,61.8711849,6.8439889,6.010,0.03,-0.08,0.00,0.509,0.915,0.09,3,9
2017-06-05T08:05:11.20Z,61.8711850,6.8439885,5.996,0.02,-0.01,0.03,0.506,0.911,0.15,3,9
2017-06-05T08:05:11.40Z,61.8711852,6.8439880,5.971,0.01,0.01,0.01,0.504,0.907,0.11,3,9
2017-06-05T08:05:11.60Z,61.8711852,6.8439896,5.912,-0.05,0.49,0.17,0.501,0.903,0.11,3,9
2017-06-05T08:05:11.80Z,61.8711849,6.8439901,5.889,-0.12,0.14,0.22,0.506,0.906,0.24,3,9
2017-06-05T08:05:12.00Z,61.8711852,6.8439904,5.883,0.07,0.07,0.03,0.515,0.914,0.28,3,9
2017-06-05T08:05:12.20Z,61.8711853,6.8439903,5.870,0.05,-0.02,0.04,0.523,0.923,0.25,3,9
2017-06-05T08:05:12.40Z,61.8711855,6.8439901,5.847,0.16,-0.02,0.15,0.531,0.933,0.26,3,9
