time,lat,lon,hMSL,velN,velE,velD,hAcc,vAcc,sAcc,heading,cAcc,gpsFix,numSV
,(deg),(deg),(m),(m/s),(m/s),(m/s),(m),(m),(m/s),(deg),(deg),,
2016-07-09T17:08:09.00Z,62.0578530,6.9715853,1249.296,0.01,0.00,-0.04,0.566,0.603,0.19,65.12092,36.78068,3,11
2016-07-09T17:08:09.20Z,62.0578529,6.9715851,1249.342,-0.01,-0.01,-0.01,0.566,0.602,0.18,65.12092,36.78072,3,11
2016-07-09T17:08:09.40Z,62.0578528,6.9715848,1249.383,0.00,-0.03,0.01,0.567,0.602,0.14,65.12092,36.78076,3,11
2016-07-09T17:08:09.60Z,62.0578525,6.9715845,1249.423,-0.02,0.02,-0.01,0.567,0.601,0.13,65.12092,36.78079,3,11
2016-07-09T17:08:09.80Z,62.0578521,6.9715841,1249.467,-0.03,0.01,0.00,0.566,0.600,0.16,65.12092,36.78083,3,11
2016-07-09T17:08:10.00Z,62.0578519,6.9715840,1249.512,-0.01,0.01,-0.02,0.566,0.600,0.16,65.12092,36.78086,3,11
2016-07-09T17:08:10.20Z,62.0578518,6.9715840,1249.550,-0.01,0.01,-0.02,0.567,0.599,0.15,65.12092,36.78090,3,11
2016-07-09T17:08:10.40Z,62.0578516,6.9715839,1249.579,0.01,0.02,0.00,0.567,0.598,0.16,65.12092,36.78094,3,11
2016-07-09T17:08:10.60Z,62.0578515,6.9715838,1249.614,-0.01,-0.01,-0.02,0.568,0.597,0.19,65.12092,36.78099,3,11
2016-07-09T17:08:10.80Z,62.0578514,6.9715838,1249.639,0.00,0.00,-0.01,0.568,0.597,0.18,65.12092,36.78103,3,11
2016-07-09T17:08:11.00Z,62.0578510,6.9715834,1249.655,-0.02,-0.01,0.02,0.568,0.596,0.17,65.12092,36.78108,3,11
2016-07-09T17:08:11.20Z,62.0578507,6.9715831,1249.662,-0.01,-0.02,-0.02,0.567,0.596,0.18,65.12092,36.78112,3,11
2016-07-09T17:08:11.40Z,62.0578504,6.9715826,1249.679,-0.01,0.00,-0.02,0.567,0.595,0.18,65.12092,36.78116,3,11
2016-07-09T17:08:11.60Z,62.0578501,6.9715821,1249.699,0.00,-0.01,-0.02,0.567,0.594,0.19,65.12092,36.78121,3,11
2016-07-09T17:08:11.80Z,62.0578498,6.9715818,1249.710,-0.02,0.01,0.00,0.567,0.594,0.15,65.12092,36.78124,3,11
2016-07-09T17:08:12.00Z,62.0578495,6.9715814,1249.724,0.00,0.00,0.00,0.567,0.594,0.18,65.12092,36.78128,3,11
2016-07-09T17:08:12.20Z,62.0578493,6.9715813,1249.718,-0.01,0.02,0.03,0.566,0.593,0.19,65.12092,36.78133,3,11
2016-07-09T17:08:12.40Z,62.0578493,6.9715811,1249.724,-0.01,0.00,-0.02,0.566,0.592,0.18,65.12092,36.78138,3,11
2016-07-09T17:08:12.60Z,62.0578492,6.9715811,1249.725,-0.03,-0.02,0.02,0.566,0.592,0.17,65.12092,36.78142,3,11
2016-07-09T17:08:12.80Z,62.0578492,6.9715811,1249.715,0.00,-0.01,0.02,0.566,0.592,0.16,65.12092,36.78145,3,11
2016-07-09T17:08:13.00Z,62.0578493,6.9715811,1249.703,0.00,0.01,0.01,0.566,0.593,0.17,65.12092,36.78150,3,11
2016-07-09T17:08:13.20Z,62.0578494,6.9715806,1249.731,-0.02,-0.02,-0.01,0.565,0.592,0.17,65.12092,36.78154,3,11
2016-07-09T17:08:13.40Z,62.0578495,6.9715802,1249.753,0.01,0.00,0.01,0.564,0.592,0.16,65.12092,36.78157,3,11
2016-07-09T17:08:13.60Z,62.0578496,6.9715797,1249.777,0.00,-0.04,-0.02,0.564,0.591,0.17,65.12092,36.78162,3,11
2016-07-09T17:08:13.80Z,62.0578496,6.9715793,1249.804,0.01,0.00,-0.02,0.563,0.591,0.18,65.12092,36.78166,3,11
2016-07-09T17:08:14.00Z,62.0578495,6.9715790,1249.818,-0.01,0.00,-0.02,0.563,0.590,0.16,65.12092,36.78170,3,11
2016-07-09T17:08:14.20Z,62.0578496,6.9715788,1249.829,0.02,-0.01,-0.02,0.563,0.590,0.18,65.12092,36.78175,3,11
2016-07-09T17:08:14.40Z,62.0578496,6.9715787,1249.838,0.01,0.02,0.02,0.563,0.590,0.18,65.12092,36.78179,3,11
2016-07-09T17:08:14.60Z,62.0578496,6.9715786,1249.842,-0.02,0.01,0.01,0.563,0.590,0.16,65.12092,36.78183,3,11
2016-07-09T17:08:14.80Z,62.0578495,6.9715782,1249.853,-0.02,-0.04,0.00,0.562,0.590,0.16,65.12092,36.78186,3,11
2016-07-09T17:08:15.00Z,62.0578495,6.9715781,1249.858,0.01,0.02,0.01,0.562,0.590,0.17,65.12092,36.78191,3,11
2016-07-09T17:08:15.20Z,62.0578496,6.9715779,1249.860,0.01,-0.01,0.00,0.562,0.590,0.15,65.12092,36.78194,3,11
2016-07-09T17:08:15.40Z,62.0578496,6.9715779,1249.852,-0.02,0.01,0.01,0.562,0.591,0.17,65.12092,36.78198,3,11
2016-07-09T17:08:15.60Z,62.0578498,6.9715779,1249.830,0.02,-0.01,0.02,0.561,0.592,0.14,65.12092,36.78202,3,11
2016-07-09T17:08:15.80Z,62.0578499,6.9715777,1249.801,-0.03,-0.06,0.02,0.561,0.591,0.15,65.12092,36.78206,3,11
2016-07-09T17:08:16.00Z,62.0578499,6.9715772,1249.764,-0.06,-0.13,0.01,0.560,0.593,0.16,65.12092,36.78209,3,11
2016-07-09T17:08:16.20Z,62.0578507,6.9715767,1249.667,-0.07,-0.24,0.05,0.555,0.592,0.16,331.27688,33.53245,3,11
2016-07-09T17:08:16.40Z,62.0578515,6.9715766,1249.589,-0.04,-0.12,0.04,0.550,0.591,0.15,331.27688,33.53249,3,11
2016-07-09T17:08:16.60Z,62.0578521,6.9715772,1249.528,0.03,0.10,-0.02,0.545,0.589,0.16,331.27688,33.53253,3,11
2016-07-09T17:08:16.80Z,62.0578529,6.9715782,1249.455,0.05,0.24,-0.01,0.540,0.588,0.14,23.69795,34.48090,3,11
2016-07-09T17:08:17.00Z,62.0578532,6.9715787,1249.441,0.07,0.14,-0.03,0.541,0.590,0.16,23.69795,34.48095,3,11
2016-07-09T17:08:17.20Z,62.0578533,6.9715788,1249.426,0.03,0.05,-0.01,0.542,0.593,0.16,23.69795,34.48099,3,11
2016-07-09T17:08:17.40Z,62.0578533,6.9715784,1249.391,-0.07,-0.11,0.04,0.543,0.595,0.16,23.69795,34.48103,3,11
2016-07-09T17:08:17.60Z,62.0578533,6.9715780,1249.366,-0.05,-0.06,0.02,0.544,0.596,0.16,23.69795,34.48107,3,11
2016-07-09T17:08:17.80Z,62.0578534,6.9715780,1249.349,0.04,0.05,0.00,0.544,0.597,0.16,23.69795,34.48111,3,11
2016-07-09T17:08:18.00Z,62.0578536,6.9715784,1249.330,0.04,0.13,-0.04,0.545,0.598,0.15,23.69795,34.48115,3,11
2016-07-09T17:08:18.20Z,62.0578537,6.9715788,1249.314,0.01,0.10,-0.02,0.546,0.600,0.15,23.69795,34.48119,3,11
2016-07-09T17:08:18.40Z,62.0578538,6.9715790,1249.302,0.02,0.01,-0.01,0.547,0.601,0.18,23.69795,34.48124,3,11
2016-07-09T17:08:18.60Z,62.0578539,6.9715792,1249.283,0.02,0.01,0.00,0.548,0.603,0.18,23.69795,34.48128,3,11
2016-07-09T17:08:18.80Z,62.0578539,6.9715795,1249.263,0.00,0.03,0.01,0.549,0.604,0.16,23.69795,34.48133,3,11
2016-07-09T17:08:19.00Z,62.0578539,6.9715795,1249.245,-0.02,-0.01,0.01,0.550,0.606,0.18,23.69795,34.48137,3,11
2016-07-09T17:08:19.20Z,62.0578539,6.9715792,1249.231,0.00,-0.12,0.02,0.551,0.608,0.15,23.69795,34.48141,3,11
2016-07-09T17:08:19.40Z,62.0578538,6.9715785,1249.206,-0.07,-0.16,0.08,0.552,0.610,0.15,23.69795,34.48146,3,11
2016-07-09T17:08:19.60Z,62.0578538,6.9715779,1249.174,-0.05,-0.11,0.06,0.553,0.611,0.16,23.69795,34.48150,3,11
2016-07-09T17:08:19.80Z,62.0578541,6.9715781,1249.139,0.00,0.00,0.03,0.551,0.611,0.19,23.69795,34.48155,3,11
2016-07-09T17:08:20.00Z,62.0578547,6.9715790,1249.107,0.17,0.19,-0.05,0.550,0.612,0.16,36.31109,33.47958,3,11
2016-07-09T17:08:20.20Z,62.0578549,6.9715783,1249.073,0.02,-0.20,0.01,0.550,0.612,0.15,36.31109,33.47963,3,11
2016-07-09T17:08:20.40Z,62.0578552,6.9715785,1249.017,0.05,-0.02,0.04,0.548,0.612,0.15,36.31109,33.47967,3,11
2016-07-09T17:08:20.60Z,62.0578557,6.9715787,1248.969,0.02,-0.03,0.03,0.545,0.612,0.15,36.31109,33.47971,3,11
2016-07-09T17:08:20.80Z,62.0578559,6.9715791,1248.933,-0.08,0.02,0.01,0.543,0.612,0.16,36.31109,33.47976,3,11
2016-07-09T17:08:21.00Z,62.0578560,6.9715803,1248.924,0.00,0.30,-0.05,0.542,0.611,0.14,65.80561,30.53251,3,11
2016-07-09T17:08:21.20Z,62.0578557,6.9715805,1248.894,-0.16,0.00,0.02,0.542,0.611,0.17,65.80561,30.53256,3,11
2016-07-09T17:08:21.40Z,62.0578555,6.9715804,1248.864,-0.08,-0.07,0.01,0.541,0.611,0.16,65.80561,30.53261,3,11
2016-07-09T17:08:21.60Z,62.0578555,6.9715801,1248.835,-0.03,-0.13,0.00,0.541,0.611,0.15,65.80561,30.53265,3,11
2016-07-09T17:08:21.80Z,62.0578553,6.9715792,1248.777,-0.20,-0.33,0.09,0.539,0.610,0.16,182.20241,21.38539,3,11
2016-07-09T17:08:22.00Z,62.0578553,6.9715785,1248.766,-0.05,-0.18,0.06,0.538,0.610,0.15,182.20241,21.38547,3,11
2016-07-09T17:08:22.20Z,62.0578556,6.9715784,1248.770,0.00,-0.04,0.01,0.535,0.611,0.15,182.20241,21.38553,3,11
2016-07-09T17:08:22.40Z,62.0578556,6.9715785,1248.745,-0.08,-0.01,0.03,0.533,0.611,0.17,182.20241,21.38560,3,11
2016-07-09T17:08:22.60Z,62.0578558,6.9715789,1248.731,-0.01,0.07,0.01,0.531,0.610,0.17,182.20241,21.38567,3,11
2016-07-09T17:08:22.80Z,62.0578563,6.9715798,1248.708,0.16,0.18,0.03,0.527,0.609,0.16,144.99804,34.64787,3,11
2016-07-09T17:08:23.00Z,62.0578565,6.9715797,1248.690,0.10,-0.08,0.01,0.524,0.607,0.13,144.99804,34.64791,3,11
2016-07-09T17:08:23.20Z,62.0578567,6.9715781,1248.704,0.11,-0.37,0.00,0.524,0.607,0.16,241.48251,23.74871,3,11
2016-07-09T17:08:23.40Z,62.0578567,6.9715767,1248.655,0.07,-0.46,0.20,0.522,0.605,0.17,263.44682,19.84144,3,11
2016-07-09T17:08:23.60Z,62.0578563,6.9715742,1248.604,0.10,-0.36,0.34,0.520,0.605,0.17,271.30121,26.11506,3,11
2016-07-09T17:08:23.80Z,62.0578565,6.9715725,1248.454,0.29,-0.24,0.49,0.514,0.608,0.19,301.02067,21.25066,3,11
2016-07-09T17:08:24.00Z,62.0578567,6.9715717,1248.397,0.09,-0.20,0.39,0.514,0.612,0.21,301.02067,21.25085,3,11
2016-07-09T17:08:24.20Z,62.0578569,6.9715715,1248.455,0.09,0.08,-0.03,0.514,0.617,0.18,301.02067,21.25092,3,11
2016-07-09T17:08:24.40Z,62.0578569,6.9715721,1248.568,-0.20,0.24,-0.43,0.511,0.618,0.19,239.79029,28.42491,3,11
2016-07-09T17:08:24.60Z,62.0578566,6.9715730,1248.614,-0.15,0.31,-0.38,0.508,0.615,0.18,176.95082,27.85384,3,11
2016-07-09T17:08:24.80Z,62.0578563,6.9715757,1248.692,-0.18,0.63,-0.33,0.508,0.615,0.16,121.26383,14.74036,3,11
2016-07-09T17:08:25.00Z,62.0578560,6.9715758,1248.701,-0.09,-0.01,-0.15,0.505,0.612,0.18,121.26383,14.74047,3,11
2016-07-09T17:08:25.20Z,62.0578558,6.9715762,1248.690,-0.07,0.00,-0.05,0.502,0.611,0.16,121.26383,14.74056,3,10
2016-07-09T17:08:25.40Z,62.0578556,6.9715766,1248.766,-0.13,0.04,-0.04,0.498,0.606,0.14,121.26383,14.74065,3,11
2016-07-09T17:08:25.60Z,62.0578556,6.9715769,1248.822,0.01,-0.05,-0.09,0.494,0.602,0.19,121.26383,14.74076,3,11
2016-07-09T17:08:25.80Z,62.0578552,6.9715771,1248.826,-0.10,0.02,-0.07,0.492,0.597,0.15,121.26383,14.74086,3,11
2016-07-09T17:08:26.00Z,62.0578551,6.9715772,1248.857,0.04,0.05,0.02,0.489,0.593,0.16,121.26383,14.74095,3,11
2016-07-09T17:08:26.20Z,62.0578549,6.9715775,1248.900,-0.03,0.07,-0.02,0.487,0.590,0.13,121.26383,14.74103,3,11
2016-07-09T17:08:26.40Z,62.0578547,6.9715771,1248.879,-0.02,0.01,-0.01,0.485,0.586,0.14,121.26383,14.74112,3,11
2016-07-09T17:08:26.60Z,62.0578544,6.9715768,1248.858,-0.02,0.03,-0.01,0.483,0.583,0.13,121.26383,14.74120,3,11
2016-07-09T17:08:26.80Z,62.0578541,6.9715764,1248.840,-0.03,0.02,0.00,0.482,0.580,0.14,121.26383,14.74129,3,11
2016-07-09T17:08:27.00Z,62.0578538,6.9715759,1248.813,-0.02,0.03,0.01,0.480,0.577,0.16,121.26383,14.74138,3,11
2016-07-09T17:08:27.20Z,62.0578538,6.9715755,1248.841,0.00,-0.03,0.02,0.478,0.574,0.14,121.26383,14.74146,3,11
2016-07-09T17:08:27.40Z,62.0578538,6.9715753,1248.872,0.00,-0.03,-0.01,0.477,0.571,0.16,121.26383,14.74156,3,11
2016-07-09T17:08:27.60Z,62.0578536,6.9715747,1248.835,-0.03,-0.05,0.03,0.475,0.568,0.16,121.26383,14.74166,3,11
2016-07-09T17:08:27.80Z,62.0578537,6.9715740,1248.877,-0.02,-0.14,-0.03,0.473,0.566,0.16,121.26383,14.74175,3,11
2016-07-09T17:08:28.00Z,62.0578535,6.9715724,1248.832,-0.04,-0.42,0.10,0.473,0.564,0.14,167.70687,21.35314,3,11
2016-07-09T17:08:28.20Z,62.0578531,6.9715678,1248.722,-0.06,-1.17,0.36,0.472,0.562,0.14,255.76671,7.57577,3,11
2016-07-09T17:08:28.40Z,62.0578525,6.9715621,1248.068,-0.16,-1.56,2.44,0.475,0.564,0.17,260.37345,6.83648,3,11
2016-07-09T17:08:28.60Z,62.0578515,6.9715570,1247.615,-0.52,-1.37,2.32,0.478,0.564,0.20,254.69704,6.62604,3,11
2016-07-09T17:08:28.80Z,62.0578493,6.9715427,1247.520,-1.32,-3.59,0.95,0.483,0.566,0.24,250.66688,3.01158,3,11
2016-07-09T17:08:29.00Z,62.0578471,6.9715284,1246.848,-1.06,-3.85,2.55,0.488,0.570,0.23,252.80953,2.79808,3,11
2016-07-09T17:08:29.20Z,62.0578450,6.9715125,1245.857,-0.97,-4.24,4.17,0.493,0.574,0.21,255.01134,2.71105,3,11
2016-07-09T17:08:29.40Z,62.0578427,6.9714967,1244.556,-1.12,-4.16,5.67,0.499,0.578,0.21,254.99345,2.74502,3,11
2016-07-09T17:08:29.60Z,62.0578399,6.9714800,1242.874,-1.43,-4.33,7.38,0.505,0.582,0.21,251.79797,2.76406,3,11
2016-07-09T17:08:29.80Z,62.0578373,6.9714628,1240.921,-1.46,-4.54,8.80,0.510,0.587,0.22,252.16541,2.57671,3,11
2016-07-09T17:08:30.00Z,62.0578347,6.9714457,1238.635,-1.56,-4.63,10.28,0.516,0.592,0.25,251.36636,2.64215,3,11
2016-07-09T17:08:30.20Z,62.0578322,6.9714280,1235.930,-1.55,-4.78,11.99,0.521,0.597,0.26,251.98930,2.76174,3,11
2016-07-09T17:08:30.40Z,62.0578298,6.9714101,1232.814,-1.65,-4.95,13.79,0.525,0.602,0.28,251.58479,2.61171,3,11
2016-07-09T17:08:30.60Z,62.0578274,6.9713909,1229.384,-1.60,-5.12,15.47,0.531,0.607,0.30,252.64919,2.92305,3,11
2016-07-09T17:08:30.80Z,62.0578248,6.9713719,1225.614,-1.67,-5.15,17.13,0.538,0.612,0.32,252.02778,2.87995,3,11
2016-07-09T17:08:31.00Z,62.0578220,6.9713516,1221.460,-1.76,-5.39,18.91,0.545,0.617,0.34,251.88781,2.90824,3,11
2016-07-09T17:08:31.20Z,62.0578194,6.9713309,1216.976,-1.67,-5.46,20.63,0.553,0.622,0.35,253.01209,3.07589,3,11
2016-07-09T17:08:31.40Z,62.0578166,6.9713101,1212.161,-1.69,-5.52,22.35,0.561,0.628,0.37,252.93313,3.24568,3,11
2016-07-09T17:08:31.60Z,62.0578142,6.9712886,1206.905,-1.61,-5.69,24.24,0.568,0.632,0.37,254.20458,2.93437,3,11
2016-07-09T17:08:31.80Z,62.0578112,6.9712661,1201.359,-1.79,-6.00,25.88,0.575,0.637,0.38,253.39008,2.66428,3,10
2016-07-09T17:08:32.00Z,62.0578083,6.9712419,1195.433,-1.79,-6.45,27.68,0.583,0.641,0.40,254.46200,2.57390,3,9
2016-07-09T17:08:32.20Z,62.0578057,6.9712138,1189.417,-1.48,-7.12,28.91,0.594,0.650,0.43,258.28926,3.31135,3,9
2016-07-09T17:08:32.40Z,62.0578033,6.9711798,1183.184,-1.21,-8.40,30.16,0.611,0.664,0.44,261.79432,3.58424,3,7
2016-07-09T17:08:32.60Z,62.0578009,6.9711400,1176.744,-1.26,-9.78,31.25,0.633,0.681,0.45,262.67307,3.10517,3,7
2016-07-09T17:08:32.80Z,62.0577985,6.9710943,1170.146,-1.27,-11.43,32.14,0.661,0.704,0.45,263.68319,2.90725,3,7
2016-07-09T17:08:33.00Z,62.0577959,6.9710431,1163.353,-1.32,-13.18,32.97,0.693,0.729,0.44,264.28280,2.38649,3,7
2016-07-09T17:08:33.20Z,62.0577932,6.9709870,1156.382,-1.36,-14.67,33.75,0.729,0.759,0.44,264.68852,2.13793,3,7
2016-07-09T17:08:33.40Z,62.0577904,6.9709267,1149.194,-1.35,-16.00,34.57,0.768,0.793,0.44,265.18380,1.95583,3,7
2016-07-09T17:08:33.60Z,62.0577870,6.9708629,1141.776,-1.50,-17.31,35.42,0.807,0.827,0.44,265.05784,1.85367,3,7
2016-07-09T17:08:33.80Z,62.0577833,6.9707958,1134.084,-1.53,-18.58,36.33,0.848,0.862,0.45,265.30691,1.74012,3,7
2016-07-09T17:08:34.00Z,62.0577794,6.9707247,1126.128,-1.51,-19.76,37.32,0.885,0.895,0.44,265.61805,1.52351,3,7
2016-07-09T17:08:34.20Z,62.0577751,6.9706497,1118.017,-1.69,-20.82,38.22,0.922,0.927,0.44,265.36471,1.51567,3,7
2016-07-09T17:08:34.40Z,62.0577705,6.9705706,1109.684,-1.80,-22.04,39.15,0.957,0.959,0.43,265.33462,1.34431,3,7
2016-07-09T17:08:34.60Z,62.0577655,6.9704876,1101.162,-1.98,-23.15,40.05,0.990,0.988,0.42,265.10371,1.26082,3,7
2016-07-09T17:08:34.80Z,62.0577600,6.9704007,1092.469,-2.21,-24.08,40.94,1.019,1.016,0.41,264.75060,1.18487,3,7
2016-07-09T17:08:35.00Z,62.0577542,6.9703109,1083.588,-2.32,-25.01,41.83,1.045,1.041,0.41,264.69459,1.11758,3,6
2016-07-09T17:08:35.20Z,62.0577484,6.9702150,1074.617,-2.47,-26.28,42.59,1.077,1.071,0.40,264.63465,1.05966,3,6
2016-07-09T17:08:35.40Z,62.0577427,6.9701146,1065.562,-2.54,-27.19,43.30,1.109,1.100,0.39,264.65941,1.01140,3,6
2016-07-09T17:08:35.60Z,62.0577367,6.9700133,1056.257,-2.55,-27.68,44.18,1.141,1.128,0.38,264.73194,0.98540,3,6
2016-07-09T17:08:35.80Z,62.0577306,6.9699066,1046.896,-2.69,-28.82,44.86,1.172,1.156,0.37,264.67094,0.96790,3,6
2016-07-09T17:08:36.00Z,62.0577243,6.9697940,1037.555,-2.94,-30.43,45.18,1.206,1.188,0.36,264.48641,0.89695,3,6
2016-07-09T17:08:36.20Z,62.0577173,6.9696756,1028.219,-3.39,-31.81,45.38,1.241,1.219,0.35,263.92190,0.82736,3,6
2016-07-09T17:08:36.40Z,62.0577100,6.9695528,1018.835,-3.60,-32.77,45.66,1.276,1.250,0.33,263.72417,0.76835,3,6
2016-07-09T17:08:36.60Z,62.0577023,6.9694250,1009.482,-3.93,-33.83,45.86,1.308,1.280,0.32,263.37321,0.70781,3,6
2016-07-09T17:08:36.80Z,62.0576939,6.9692927,1000.129,-4.33,-34.93,46.01,1.340,1.309,0.32,262.93461,0.68809,3,6
2016-07-09T17:08:37.00Z,62.0576852,6.9691560,990.765,-4.60,-36.00,46.13,1.370,1.339,0.31,262.71938,0.67321,3,6
2016-07-09T17:08:37.20Z,62.0576756,6.9690142,981.473,-5.17,-37.13,46.13,1.400,1.369,0.32,262.06570,0.66086,3,6
2016-07-09T17:08:37.40Z,62.0576651,6.9688673,972.224,-5.73,-38.38,46.06,1.430,1.398,0.32,261.51024,0.64334,3,6
2016-07-09T17:08:37.60Z,62.0576541,6.9687162,963.050,-6.11,-39.38,45.94,1.455,1.424,0.32,261.18578,0.62171,3,6
2016-07-09T17:08:37.80Z,62.0576425,6.9685626,953.807,-6.35,-40.13,45.99,1.470,1.443,0.32,261.00952,0.59969,3,6
2016-07-09T17:08:38.00Z,62.0576310,6.9684050,944.630,-6.40,-40.92,46.01,1.424,1.412,0.31,261.11479,0.45185,3,7
2016-07-09T17:08:38.20Z,62.0576181,6.9682473,935.337,-6.78,-41.92,45.93,1.399,1.395,0.29,260.80958,0.42376,3,7
2016-07-09T17:08:38.40Z,62.0576056,6.9680795,926.595,-7.27,-43.35,45.15,1.367,1.365,0.24,260.48060,0.29594,3,7
2016-07-09T17:08:38.60Z,62.0575914,6.9679117,917.671,-7.65,-44.43,44.65,1.342,1.348,0.23,260.22519,0.28804,3,7
2016-07-09T17:08:38.80Z,62.0575756,6.9677458,908.511,-7.90,-45.02,44.47,1.315,1.330,0.24,260.05158,0.28406,3,7
2016-07-09T17:08:39.00Z,62.0575598,6.9675745,899.465,-8.12,-45.77,44.37,1.283,1.308,0.24,259.93453,0.27827,3,7
2016-07-09T17:08:39.20Z,62.0575434,6.9674012,890.480,-8.43,-46.58,44.07,1.250,1.283,0.24,259.73693,0.27254,3,7
2016-07-09T17:08:39.40Z,62.0575266,6.9672224,881.646,-8.71,-47.51,43.62,1.215,1.254,0.24,259.61015,0.26720,3,7
2016-07-09T17:08:39.60Z,62.0575084,6.9670444,872.763,-9.11,-48.22,43.18,1.179,1.224,0.24,259.30659,0.26160,3,8
2016-07-09T17:08:39.80Z,62.0574910,6.9668598,864.084,-9.28,-48.74,42.94,1.145,1.192,0.24,259.22086,0.25751,3,8
2016-07-09T17:08:40.00Z,62.0574733,6.9666725,855.567,-9.52,-49.43,42.61,1.114,1.161,0.24,259.10137,0.25826,3,8
2016-07-09T17:08:40.20Z,62.0574549,6.9664809,847.217,-9.88,-50.33,41.98,1.086,1.130,0.21,258.89911,0.24836,3,8
2016-07-09T17:08:40.40Z,62.0574353,6.9662875,839.036,-10.44,-51.06,41.09,1.062,1.100,0.21,258.44342,0.23843,3,8
2016-07-09T17:08:40.60Z,62.0574149,6.9660915,830.985,-10.98,-51.57,40.42,1.042,1.070,0.21,257.98068,0.22480,3,8
2016-07-09T17:08:40.80Z,62.0573935,6.9658952,822.836,-11.32,-51.91,40.16,1.024,1.043,0.22,257.69189,0.22342,3,8
2016-07-09T17:08:41.00Z,62.0573719,6.9656965,814.690,-11.57,-52.21,40.01,1.008,1.020,0.21,257.50248,0.22505,3,8
2016-07-09T17:08:41.20Z,62.0573498,6.9654956,806.711,-11.95,-52.70,39.63,0.996,1.002,0.22,257.22454,0.22338,3,8
2016-07-09T17:08:41.40Z,62.0573271,6.9652933,798.799,-12.31,-53.22,39.21,0.986,0.988,0.22,256.97319,0.22026,3,8
2016-07-09T17:08:41.60Z,62.0573038,6.9650914,790.929,-12.57,-53.48,38.88,0.979,0.976,0.22,256.77744,0.21983,3,8
2016-07-09T17:08:41.80Z,62.0572806,6.9648869,783.081,-12.74,-53.66,38.88,0.974,0.966,0.21,256.64314,0.21764,3,8
2016-07-09T17:08:42.00Z,62.0572567,6.9646812,775.355,-13.06,-54.08,38.59,0.968,0.956,0.21,256.42293,0.21429,3,8
2016-07-09T17:08:42.20Z,62.0572323,6.9644727,767.829,-13.36,-54.64,37.91,0.962,0.946,0.22,256.26241,0.21228,3,8
2016-07-09T17:08:42.40Z,62.0572074,6.9642622,760.397,-13.66,-55.01,37.33,0.957,0.937,0.22,256.05684,0.21054,3,8
2016-07-09T17:08:42.60Z,62.0571824,6.9640525,752.915,-13.69,-55.14,37.15,0.952,0.929,0.22,256.05673,0.21109,3,8
2016-07-09T17:08:42.80Z,62.0571572,6.9638411,745.450,-13.83,-55.35,37.07,0.948,0.921,0.22,255.96876,0.20996,3,8
2016-07-09T17:08:43.00Z,62.0571319,6.9636274,738.091,-13.88,-55.73,36.76,0.945,0.915,0.22,256.01332,0.21218,3,8
2016-07-09T17:08:43.20Z,62.0571065,6.9634127,730.776,-14.00,-56.00,36.45,0.941,0.909,0.22,255.96767,0.21070,3,8
2016-07-09T17:08:43.40Z,62.0570810,6.9631974,723.436,-14.03,-56.09,36.40,0.938,0.903,0.22,255.95807,0.21017,3,8
2016-07-09T17:08:43.60Z,62.0570556,6.9629819,716.077,-14.03,-56.17,36.46,0.935,0.898,0.22,255.97265,0.21042,3,8
2016-07-09T17:08:43.80Z,62.0570297,6.9627665,708.777,-14.23,-56.46,36.30,0.933,0.895,0.22,255.85202,0.20910,3,8
2016-07-09T17:08:44.00Z,62.0570034,6.9625499,701.634,-14.50,-56.87,35.77,0.931,0.892,0.22,255.69907,0.20586,3,8
2016-07-09T17:08:44.20Z,62.0569769,6.9623324,694.581,-14.58,-57.07,35.32,0.929,0.888,0.22,255.67163,0.20528,3,8
2016-07-09T17:08:44.40Z,62.0569506,6.9621153,687.471,-14.56,-56.99,35.39,0.928,0.887,0.22,255.66582,0.21111,3,8
2016-07-09T17:08:44.60Z,62.0569242,6.9618975,680.395,-14.56,-57.10,35.38,0.927,0.886,0.22,255.69452,0.21100,3,8
2016-07-09T17:08:44.80Z,62.0568979,6.9616783,673.418,-14.57,-57.43,35.06,0.927,0.885,0.23,255.76273,0.21040,3,8
2016-07-09T17:08:45.00Z,62.0568717,6.9614584,666.506,-14.58,-57.60,34.77,0.926,0.883,0.22,255.79750,0.21360,3,8
2016-07-09T17:08:45.20Z,62.0568454,6.9612385,659.545,-14.59,-57.60,34.79,0.926,0.882,0.23,255.78470,0.21388,3,8
2016-07-09T17:08:45.40Z,62.0568192,6.9610177,652.640,-14.54,-57.72,34.66,0.927,0.881,0.23,255.86227,0.21356,3,8
2016-07-09T17:08:45.60Z,62.0567931,6.9607958,645.842,-14.46,-58.06,34.29,0.927,0.881,0.23,256.01032,0.21271,3,8
2016-07-09T17:08:45.80Z,62.0567671,6.9605730,639.100,-14.42,-58.24,33.98,0.928,0.881,0.23,256.09162,0.21213,3,8
2016-07-09T17:08:46.00Z,62.0567413,6.9603500,632.372,-14.38,-58.31,33.81,0.928,0.881,0.23,256.14772,0.21180,3,8
2016-07-09T17:08:46.20Z,62.0567155,6.9601267,625.640,-14.31,-58.40,33.77,0.929,0.881,0.22,256.23705,0.21125,3,8
2016-07-09T17:08:46.40Z,62.0566900,6.9599032,618.915,-14.22,-58.49,33.71,0.929,0.881,0.22,256.33715,0.21098,3,8
2016-07-09T17:08:46.60Z,62.0566643,6.9596789,612.230,-14.27,-58.68,33.55,0.930,0.881,0.22,256.33412,0.20995,3,8
2016-07-09T17:08:46.80Z,62.0566388,6.9594542,605.610,-14.25,-58.85,33.25,0.931,0.882,0.22,256.39118,0.20916,3,8
2016-07-09T17:08:47.00Z,62.0566131,6.9592293,599.013,-14.28,-58.89,33.05,0.931,0.880,0.22,256.36787,0.20345,3,8
2016-07-09T17:08:47.20Z,62.0565876,6.9590046,592.361,-14.21,-58.80,33.18,0.931,0.879,0.22,256.41390,0.20055,3,8
2016-07-09T17:08:47.40Z,62.0565619,6.9587800,585.681,-14.27,-58.80,33.30,0.932,0.877,0.22,256.36028,0.20029,3,8
2016-07-09T17:08:47.60Z,62.0565363,6.9585548,579.056,-14.25,-58.93,33.17,0.932,0.876,0.22,256.40886,0.20346,3,8
2016-07-09T17:08:47.80Z,62.0565104,6.9583288,572.530,-14.41,-59.08,32.84,0.933,0.875,0.22,256.29576,0.20256,3,8
2016-07-09T17:08:48.00Z,62.0564843,6.9581026,566.073,-14.57,-59.14,32.50,0.934,0.874,0.22,256.16319,0.19873,3,8
2016-07-09T17:08:48.20Z,62.0564578,6.9578762,559.639,-14.69,-59.13,32.34,0.936,0.873,0.23,256.04758,0.19979,3,8
2016-07-09T17:08:48.40Z,62.0564310,6.9576499,553.217,-14.87,-59.10,32.24,0.937,0.873,0.23,255.88060,0.19917,3,8
2016-07-09T17:08:48.60Z,62.0564042,6.9574237,546.781,-14.96,-59.14,32.22,0.937,0.872,0.23,255.80178,0.19870,3,8
2016-07-09T17:08:48.80Z,62.0563770,6.9571970,540.471,-15.14,-59.25,31.85,0.938,0.873,0.23,255.66617,0.20304,3,8
2016-07-09T17:08:49.00Z,62.0563498,6.9569704,534.200,-15.18,-59.27,31.55,0.939,0.874,0.23,255.63061,0.20283,3,8
2016-07-09T17:08:49.20Z,62.0563223,6.9567431,528.022,-15.27,-59.32,31.23,0.940,0.875,0.24,255.56226,0.20836,3,8
2016-07-09T17:08:49.40Z,62.0562949,6.9565158,521.895,-15.19,-59.36,30.95,0.941,0.875,0.23,255.64563,0.20610,3,8
2016-07-09T17:08:49.60Z,62.0562677,6.9562879,515.853,-15.09,-59.49,30.59,0.943,0.879,0.23,255.76313,0.21949,3,8
2016-07-09T17:08:49.80Z,62.0562406,6.9560598,509.918,-15.06,-59.57,30.06,0.944,0.880,0.23,255.81131,0.20838,3,8
2016-07-09T17:08:50.00Z,62.0562136,6.9558325,503.942,-14.97,-59.40,29.98,0.945,0.881,0.23,255.85102,0.20647,3,8
2016-07-09T17:08:50.20Z,62.0561865,6.9556046,497.941,-14.90,-59.43,30.01,0.943,0.880,0.21,255.92850,0.19788,3,8
2016-07-09T17:08:50.40Z,62.0561596,6.9553764,492.135,-14.87,-59.52,29.45,0.942,0.881,0.21,255.97548,0.20599,3,8
2016-07-09T17:08:50.60Z,62.0561330,6.9551484,486.416,-14.77,-59.58,28.95,0.942,0.884,0.22,256.07393,0.21069,3,8
2016-07-09T17:08:50.80Z,62.0561065,6.9549208,480.676,-14.70,-59.47,28.85,0.944,0.888,0.23,256.11382,0.22991,3,8
2016-07-09T17:08:51.00Z,62.0560800,6.9546939,474.930,-14.68,-59.35,28.84,0.946,0.893,0.23,256.10674,0.24249,3,8
2016-07-09T17:08:51.20Z,62.0560537,6.9544670,469.171,-14.63,-59.29,28.86,0.948,0.898,0.23,256.13959,0.23870,3,8
2016-07-09T17:08:51.40Z,62.0560274,6.9542407,463.430,-14.64,-59.24,28.77,0.951,0.903,0.23,256.11596,0.24645,3,8
2016-07-09T17:08:51.60Z,62.0560009,6.9540145,457.734,-14.81,-59.21,28.57,0.953,0.909,0.24,255.95950,0.25820,3,8
2016-07-09T17:08:51.80Z,62.0559739,6.9537886,452.091,-15.04,-59.14,28.34,0.956,0.915,0.25,255.72686,0.25627,3,8
2016-07-09T17:08:52.00Z,62.0559465,6.9535633,446.450,-15.27,-58.96,28.23,0.959,0.924,0.26,255.47840,0.28714,3,8
2016-07-09T17:08:52.20Z,62.0559193,6.9533386,440.792,-15.14,-58.79,28.26,0.962,0.934,0.26,255.55986,0.29079,3,8
2016-07-09T17:08:52.40Z,62.0558916,6.9531142,435.194,-15.48,-58.69,28.09,0.966,0.944,0.26,255.22147,0.29222,3,8
2016-07-09T17:08:52.60Z,62.0558636,6.9528903,429.685,-15.72,-58.61,27.74,0.970,0.954,0.27,254.98870,0.29121,3,8
2016-07-09T17:08:52.80Z,62.0558354,6.9526674,424.177,-15.81,-58.38,27.58,0.974,0.965,0.27,254.85007,0.29340,3,8
2016-07-09T17:08:53.00Z,62.0558071,6.9524450,418.603,-15.71,-58.19,27.74,0.979,0.976,0.27,254.89165,0.29464,3,8
2016-07-09T17:08:53.20Z,62.0557786,6.9522228,413.102,-15.90,-58.11,27.62,0.983,0.986,0.27,254.69574,0.30098,3,8
2016-07-09T17:08:53.40Z,62.0557502,6.9520006,407.686,-15.98,-58.17,27.30,0.988,0.996,0.27,254.63670,0.29956,3,8
2016-07-09T17:08:53.60Z,62.0557222,6.9517781,402.402,-15.85,-58.22,26.83,0.992,1.006,0.27,254.77645,0.30575,3,8
2016-07-09T17:08:53.80Z,62.0556944,6.9515561,397.117,-15.57,-58.08,26.66,0.997,1.016,0.26,254.99181,0.31164,3,8
2016-07-09T17:08:54.00Z,62.0556673,6.9513344,391.813,-15.13,-57.95,26.70,1.002,1.026,0.26,255.37228,0.31357,3,8
2016-07-09T17:08:54.20Z,62.0556403,6.9511130,386.493,-15.01,-57.89,26.72,1.006,1.036,0.26,255.46403,0.31848,3,8
2016-07-09T17:08:54.40Z,62.0556137,6.9508916,381.216,-14.84,-57.93,26.60,1.011,1.045,0.26,255.63463,0.31893,3,8
2016-07-09T17:08:54.60Z,62.0555878,6.9506698,376.082,-14.71,-58.09,26.07,1.016,1.054,0.26,255.78994,0.31880,3,8
2016-07-09T17:08:54.80Z,62.0555624,6.9504481,370.997,-14.32,-58.04,25.75,1.021,1.063,0.26,256.13652,0.32060,3,8
2016-07-09T17:08:55.00Z,62.0555373,6.9502266,365.902,-14.04,-57.94,25.67,1.026,1.073,0.26,256.37898,0.32855,3,8
2016-07-09T17:08:55.20Z,62.0555125,6.9500049,360.888,-13.88,-57.99,25.44,1.031,1.081,0.27,256.53546,0.32925,3,8
2016-07-09T17:08:55.40Z,62.0554882,6.9497827,356.121,-13.91,-58.14,24.67,1.037,1.089,0.28,256.54386,0.39547,3,8
2016-07-09T17:08:55.60Z,62.0554645,6.9495603,351.525,-13.74,-58.22,23.84,1.045,1.097,0.28,256.72166,0.40262,3,8
2016-07-09T17:08:55.80Z,62.0554413,6.9493378,347.159,-13.47,-58.15,22.96,1.052,1.103,0.29,256.96098,0.40532,3,8
2016-07-09T17:08:56.00Z,62.0554187,6.9491146,343.171,-13.31,-58.11,21.63,1.054,1.109,0.28,257.10401,0.39274,3,7
2016-07-09T17:08:56.20Z,62.0553965,6.9488914,339.540,-13.08,-57.96,20.17,1.053,1.115,0.27,257.28059,0.33056,3,7
2016-07-09T17:08:56.40Z,62.0553745,6.9486662,336.477,-12.60,-57.84,18.38,1.043,1.119,0.26,257.70754,0.37895,3,7
2016-07-09T17:08:56.60Z,62.0553533,6.9484437,333.763,-12.34,-57.31,16.55,1.040,1.124,0.33,257.84468,0.46632,3,7
2016-07-09T17:08:56.80Z,62.0553333,6.9482264,331.541,-12.17,-56.11,14.39,1.035,1.131,0.31,257.75897,0.41542,3,7
2016-07-09T17:08:57.00Z,62.0553132,6.9480176,330.095,-12.33,-53.74,11.57,1.032,1.139,0.33,257.07757,0.48654,3,7
2016-07-09T17:08:57.20Z,62.0552936,6.9478216,329.689,-12.22,-49.85,8.03,1.030,1.147,0.43,256.22708,0.66967,3,7
2016-07-09T17:08:57.40Z,62.0552753,6.9476428,329.964,-11.45,-45.29,4.77,1.031,1.158,0.54,255.81709,1.00287,3,7
2016-07-09T17:08:57.60Z,62.0552594,6.9474784,331.039,-10.24,-41.23,1.40,1.033,1.170,0.67,256.05556,1.43153,3,8
2016-07-09T17:08:57.80Z,62.0552447,6.9473275,332.815,-9.56,-37.61,-1.89,1.034,1.182,0.76,255.73054,1.43040,3,8
2016-07-09T17:08:58.00Z,62.0552310,6.9471915,334.981,-8.91,-33.99,-4.68,1.035,1.194,0.83,255.30288,1.58911,3,8
2016-07-09T17:08:58.20Z,62.0552180,6.9470655,337.606,-8.43,-31.38,-7.23,1.036,1.204,0.71,254.95713,1.80211,3,8
2016-07-09T17:08:58.40Z,62.0552070,6.9469516,340.450,-7.35,-28.56,-9.32,1.036,1.208,0.72,255.56744,1.92352,3,8
2016-07-09T17:08:58.60Z,62.0551973,6.9468493,343.090,-6.21,-26.18,-10.49,1.034,1.212,0.70,256.64748,1.96242,3,8
2016-07-09T17:08:58.80Z,62.0551886,6.9467560,345.665,-5.43,-24.11,-11.24,1.031,1.216,0.66,257.31281,1.94585,3,9
2016-07-09T17:08:59.00Z,62.0551801,6.9466690,347.900,-4.85,-22.90,-11.22,1.025,1.219,0.61,258.05119,1.85978,3,9
2016-07-09T17:08:59.20Z,62.0551717,6.9465886,349.519,-4.25,-21.62,-10.24,1.012,1.208,0.45,258.88372,1.42012,3,9
2016-07-09T17:08:59.40Z,62.0551642,6.9465162,351.125,-4.16,-19.31,-9.48,1.000,1.202,0.40,257.84968,1.46653,3,9
2016-07-09T17:08:59.60Z,62.0551580,6.9464468,352.417,-3.79,-18.73,-8.35,0.988,1.196,0.38,258.56032,1.25657,3,9
2016-07-09T17:08:59.80Z,62.0551513,6.9463784,353.469,-3.89,-18.16,-6.90,0.978,1.188,0.36,257.91139,1.28575,3,9
2016-07-09T17:09:00.00Z,62.0551447,6.9463120,354.264,-3.69,-17.44,-5.32,0.964,1.177,0.33,258.06096,1.42992,3,9
2016-07-09T17:09:00.20Z,62.0551400,6.9462497,354.595,-3.37,-16.80,-3.56,0.948,1.162,0.31,258.65153,1.46465,3,9
2016-07-09T17:09:00.40Z,62.0551356,6.9461887,354.596,-3.28,-16.31,-1.82,0.932,1.144,0.31,258.63261,1.36514,3,9
2016-07-09T17:09:00.60Z,62.0551319,6.9461273,354.432,-2.70,-16.42,-0.53,0.920,1.139,0.30,260.65187,1.61835,3,9
2016-07-09T17:09:00.80Z,62.0551268,6.9460682,353.907,-3.12,-15.64,1.23,0.906,1.125,0.30,258.70429,1.63251,3,9
2016-07-09T17:09:01.00Z,62.0551225,6.9460169,352.744,-3.02,-13.84,3.51,0.894,1.110,0.29,257.70211,1.76246,3,8
2016-07-09T17:09:01.20Z,62.0551185,6.9459672,351.133,-2.60,-13.43,5.55,0.878,1.090,0.33,259.04171,1.95135,3,8
2016-07-09T17:09:01.40Z,62.0551162,6.9459214,349.234,-1.70,-11.76,7.96,0.874,1.073,0.45,261.76157,2.70346,3,9
2016-07-09T17:09:01.60Z,62.0551136,6.9458733,346.808,-1.85,-12.36,10.20,0.871,1.057,0.50,261.47962,2.21587,3,9
2016-07-09T17:09:01.80Z,62.0551107,6.9458252,344.479,-1.87,-12.32,11.12,0.870,1.048,0.46,261.36975,2.47827,3,9
2016-07-09T17:09:02.00Z,62.0551078,6.9457799,341.962,-1.72,-11.82,11.78,0.869,1.050,0.44,261.71041,2.20200,3,9
2016-07-09T17:09:02.20Z,62.0551048,6.9457395,339.518,-1.66,-10.49,11.98,0.859,1.047,0.43,260.99071,2.23896,3,9
2016-07-09T17:09:02.40Z,62.0551024,6.9457014,337.100,-1.44,-9.77,12.17,0.852,1.036,0.40,261.60970,2.23601,3,9
2016-07-09T17:09:02.60Z,62.0551002,6.9456661,334.514,-1.20,-8.99,12.65,0.845,1.026,0.38,262.42722,2.27018,3,9
2016-07-09T17:09:02.80Z,62.0550991,6.9456361,331.752,-0.77,-7.74,13.25,0.841,1.016,0.35,264.34910,2.50965,3,9
2016-07-09T17:09:03.00Z,62.0550983,6.9456102,329.045,-0.58,-6.62,13.44,0.838,1.004,0.32,265.01361,2.64396,3,9
2016-07-09T17:09:03.20Z,62.0550986,6.9455875,326.705,-0.06,-5.78,12.73,0.835,0.987,0.29,269.44126,3.07475,3,9
2016-07-09T17:09:03.40Z,62.0551010,6.9455704,324.622,1.00,-4.35,11.82,0.833,0.970,0.28,283.00753,4.08943,3,9
2016-07-09T17:09:03.60Z,62.0551051,6.9455547,322.840,1.94,-4.01,10.60,0.830,0.956,0.28,295.81902,4.05719,3,9
2016-07-09T17:09:03.80Z,62.0551106,6.9455397,321.301,2.91,-4.04,9.25,0.834,0.942,0.29,305.80238,5.82549,3,9
2016-07-09T17:09:04.00Z,62.0551151,6.9455211,319.846,2.67,-4.99,8.22,0.828,0.928,0.25,298.14839,3.67488,3,9
2016-07-09T17:09:04.20Z,62.0551203,6.9455015,318.231,2.90,-4.92,8.12,0.828,0.926,0.21,300.50986,3.21975,3,9
2016-07-09T17:09:04.40Z,62.0551251,6.9454875,316.753,2.75,-3.55,7.80,0.834,0.927,0.25,307.78264,5.60066,3,9
2016-07-09T17:09:04.60Z,62.0551305,6.9454753,315.372,2.97,-2.99,7.53,0.836,0.927,0.24,314.78796,4.89945,3,9
2016-07-09T17:09:04.80Z,62.0551354,6.9454631,314.019,2.80,-3.07,7.28,0.836,0.916,0.23,312.41138,4.46401,3,9
2016-07-09T17:09:05.00Z,62.0551400,6.9454477,312.681,2.74,-3.67,6.96,0.834,0.904,0.22,306.76151,3.62774,3,9
2016-07-09T17:09:05.20Z,62.0551437,6.9454352,311.426,2.18,-3.20,6.75,0.832,0.893,0.22,305.65113,3.93784,3,9
2016-07-09T17:09:05.40Z,62.0551467,6.9454224,310.056,1.73,-3.28,6.90,0.832,0.884,0.23,302.22437,4.44542,3,9
2016-07-09T17:09:05.60Z,62.0551490,6.9454096,308.783,1.33,-3.20,6.79,0.834,0.874,0.24,298.46585,5.60159,3,9
2016-07-09T17:09:05.80Z,62.0551513,6.9453983,307.487,1.33,-3.00,6.54,0.834,0.864,0.24,296.09949,5.32125,3,9
2016-07-09T17:09:06.00Z,62.0551534,6.9453856,306.324,1.20,-3.21,6.22,0.835,0.859,0.24,293.20663,5.12112,3,9
2016-07-09T17:09:06.20Z,62.0551554,6.9453730,305.187,1.17,-3.16,6.08,0.836,0.854,0.25,291.78595,5.27265,3,9
2016-07-09T17:09:06.40Z,62.0551571,6.9453609,303.912,1.05,-3.18,6.20,0.838,0.851,0.24,290.02819,5.25244,3,9
2016-07-09T17:09:06.60Z,62.0551585,6.9453476,302.634,0.83,-3.45,6.33,0.840,0.847,0.23,286.85377,5.35048,3,9
2016-07-09T17:09:06.80Z,62.0551601,6.9453338,301.347,0.90,-3.65,6.36,0.837,0.843,0.22,285.04480,4.35954,3,9
2016-07-09T17:09:07.00Z,62.0551635,6.9453208,300.102,1.18,-3.76,6.18,0.826,0.840,0.22,286.44210,3.75869,3,9
2016-07-09T17:09:07.20Z,62.0551658,6.9453043,298.859,0.83,-4.50,6.11,0.816,0.841,0.22,283.09189,3.37030,3,9
2016-07-09T17:09:07.40Z,62.0551671,6.9452873,297.756,0.49,-4.50,5.77,0.808,0.842,0.22,279.72256,3.48369,3,8
2016-07-09T17:09:07.60Z,62.0551677,6.9452692,296.734,0.26,-4.71,5.47,0.810,0.843,0.22,276.53819,3.60593,3,7
2016-07-09T17:09:07.80Z,62.0551676,6.9452513,295.794,0.00,-4.63,5.13,0.812,0.844,0.22,273.35439,3.70341,3,7
2016-07-09T17:09:08.00Z,62.0551673,6.9452323,294.823,-0.11,-4.92,5.02,0.815,0.845,0.22,270.85672,3.42690,3,7
2016-07-09T17:09:08.20Z,62.0551667,6.9452123,293.805,-0.24,-5.18,5.10,0.817,0.846,0.22,269.09197,3.47298,3,9
2016-07-09T17:09:08.40Z,62.0551660,6.9451910,292.821,-0.35,-5.47,5.09,0.820,0.845,0.22,267.61916,3.27668,3,8
2016-07-09T17:09:08.60Z,62.0551650,6.9451690,291.826,-0.47,-5.58,5.10,0.822,0.845,0.21,266.34875,3.09188,3,9
2016-07-09T17:09:08.80Z,62.0551635,6.9451459,290.844,-0.76,-5.84,5.12,0.824,0.844,0.21,264.34843,2.91486,3,9
2016-07-09T17:09:09.00Z,62.0551621,6.9451227,289.877,-0.78,-5.95,4.99,0.825,0.842,0.20,263.37207,2.64628,3,9
2016-07-09T17:09:09.20Z,62.0551615,6.9450974,288.789,-0.11,-6.54,5.24,0.821,0.843,0.24,269.00941,2.42289,3,9
2016-07-09T17:09:09.40Z,62.0551586,6.9450738,287.783,-1.62,-6.16,5.10,0.814,0.840,0.23,255.30769,2.51759,3,9
2016-07-09T17:09:09.60Z,62.0551543,6.9450495,286.906,-2.37,-6.35,4.70,0.808,0.839,0.23,249.56117,2.32693,3,9
2016-07-09T17:09:09.80Z,62.0551506,6.9450231,286.013,-2.49,-7.10,4.52,0.805,0.837,0.21,250.66499,2.12131,3,9
2016-07-09T17:09:10.00Z,62.0551467,6.9449954,285.279,-2.26,-7.33,4.10,0.804,0.834,0.21,252.83837,2.13315,3,9
2016-07-09T17:09:10.20Z,62.0551432,6.9449696,284.606,-2.14,-6.77,3.72,0.799,0.827,0.20,252.42985,2.03986,3,8
2016-07-09T17:09:10.40Z,62.0551389,6.9449457,284.031,-2.27,-6.36,3.30,0.793,0.822,0.20,251.39063,2.05800,3,8
2016-07-09T17:09:10.60Z,62.0551350,6.9449225,283.463,-2.67,-6.21,3.05,0.785,0.820,0.20,249.13754,2.16070,3,7
2016-07-09T17:09:10.80Z,62.0551304,6.9449015,282.955,-2.90,-5.90,2.83,0.908,0.957,0.20,246.42391,2.15845,3,8
2016-07-09T17:09:11.00Z,62.0551254,6.9448824,282.494,-3.08,-5.23,2.60,0.957,1.017,0.20,243.18703,2.33007,3,8
2016-07-09T17:09:11.20Z,62.0551200,6.9448657,282.071,-3.17,-4.38,2.43,0.907,0.970,0.21,238.96116,2.52587,3,8
2016-07-09T17:09:11.40Z,62.0551144,6.9448515,281.581,-3.25,-3.75,2.57,0.846,0.909,0.23,234.56454,2.84018,3,7
2016-07-09T17:09:11.60Z,62.0551081,6.9448398,281.013,-3.50,-3.05,2.86,0.786,0.849,0.25,228.12596,2.98445,3,8
2016-07-09T17:09:11.80Z,62.0551017,6.9448301,280.417,-3.60,-2.58,3.02,0.757,0.821,0.27,221.82938,2.98886,3,8
2016-07-09T17:09:12.00Z,62.0550950,6.9448238,279.709,-3.73,-1.67,3.48,0.757,0.823,0.27,211.72608,2.61113,3,8
2016-07-09T17:09:12.20Z,62.0550878,6.9448194,278.945,-4.01,-1.13,3.74,0.756,0.824,0.26,203.07574,2.43132,3,8
2016-07-09T17:09:12.40Z,62.0550803,6.9448177,278.077,-4.22,-0.51,4.07,0.755,0.827,0.26,194.66670,2.36272,3,8
2016-07-09T17:09:12.60Z,62.0550715,6.9448173,277.174,-4.90,-0.12,4.39,0.754,0.827,0.26,186.93121,2.02522,3,8
2016-07-09T17:09:12.80Z,62.0550624,6.9448189,276.240,-5.14,0.24,4.63,0.841,0.923,0.26,181.91403,1.95925,3,9
2016-07-09T17:09:13.00Z,62.0550529,6.9448206,275.258,-5.31,0.47,4.87,0.779,0.856,0.26,178.29229,1.90601,3,8
2016-07-09T17:09:13.20Z,62.0550424,6.9448233,274.335,-5.84,0.71,4.76,0.753,0.828,0.29,175.59996,1.87647,3,8
2016-07-09T17:09:13.40Z,62.0550309,6.9448277,273.421,-6.39,1.13,4.66,0.754,0.830,0.30,172.56899,1.78415,3,8
2016-07-09T17:09:13.60Z,62.0550195,6.9448317,272.657,-6.46,1.08,4.24,0.753,0.829,0.27,171.43185,1.60826,3,8
2016-07-09T17:09:13.80Z,62.0550087,6.9448357,272.001,-6.16,1.10,3.74,0.753,0.829,0.27,170.66493,1.67720,3,8
2016-07-09T17:09:14.00Z,62.0549980,6.9448409,271.391,-6.04,1.35,3.42,0.753,0.830,0.27,169.05179,1.74795,3,8
2016-07-09T17:09:14.20Z,62.0549872,6.9448465,270.860,-6.09,1.39,3.06,0.752,0.830,0.27,168.09609,1.81238,3,9
2016-07-09T17:09:14.40Z,62.0549760,6.9448526,270.399,-6.31,1.58,2.72,0.751,0.830,0.28,167.01323,1.81799,3,9
2016-07-09T17:09:14.60Z,62.0549654,6.9448598,269.959,-5.93,1.82,2.44,0.753,0.833,0.30,165.06065,1.93532,3,8
2016-07-09T17:09:14.80Z,62.0549557,6.9448677,269.535,-5.48,2.05,2.28,0.756,0.837,0.29,162.59047,2.18368,3,9
2016-07-09T17:09:15.00Z,62.0549470,6.9448772,269.029,-5.00,2.50,2.45,0.760,0.840,0.29,158.99216,2.75848,3,9
2016-07-09T17:09:15.20Z,62.0549389,6.9448897,268.546,-4.65,3.30,2.46,0.762,0.844,0.23,151.56576,2.68140,3,9
2016-07-09T17:09:15.40Z,62.0549325,6.9449046,267.948,-3.74,3.96,2.73,0.764,0.847,0.22,142.48870,2.70845,3,9
2016-07-09T17:09:15.60Z,62.0549280,6.9449226,267.261,-2.76,4.86,3.16,0.765,0.849,0.20,130.83410,2.68165,3,9
2016-07-09T17:09:15.80Z,62.0549236,6.9449413,266.491,-2.51,4.99,3.52,0.764,0.850,0.21,123.95707,2.78707,3,9
2016-07-09T17:09:16.00Z,62.0549193,6.9449626,265.686,-2.38,5.60,3.84,0.762,0.852,0.23,117.84172,2.50069,3,9
2016-07-09T17:09:16.20Z,62.0549157,6.9449845,264.801,-1.90,5.77,4.12,0.763,0.857,0.24,113.13988,2.57234,3,9
2016-07-09T17:09:16.40Z,62.0549127,6.9450084,263.888,-1.60,6.28,4.31,0.764,0.861,0.24,108.43001,2.43667,3,9
2016-07-09T17:09:16.60Z,62.0549099,6.9450360,262.953,-1.51,7.19,4.46,0.763,0.863,0.23,101.82837,2.11282,3,8
2016-07-09T17:09:16.80Z,62.0549075,6.9450655,262.023,-1.40,7.60,4.50,0.763,0.864,0.22,100.43539,2.01640,3,8
2016-07-09T17:09:17.00Z,62.0549051,6.9450950,261.189,-1.26,7.77,4.30,0.767,0.868,0.22,99.22031,2.34330,3,8
2016-07-09T17:09:17.20Z,62.0549034,6.9451263,260.416,-0.98,8.18,4.14,0.772,0.872,0.23,96.79786,2.39161,3,9
2016-07-09T17:09:17.40Z,62.0549015,6.9451577,259.700,-1.15,8.23,3.82,0.777,0.877,0.22,97.96477,2.35401,3,9
2016-07-09T17:09:17.60Z,62.0548996,6.9451896,259.028,-1.17,8.39,3.55,0.779,0.880,0.20,97.92585,1.79132,3,9
2016-07-09T17:09:17.80Z,62.0548976,6.9452218,258.412,-1.25,8.50,3.33,0.780,0.882,0.19,98.39331,1.70948,3,9
2016-07-09T17:09:18.00Z,62.0548957,6.9452538,257.824,-1.25,8.48,3.14,0.781,0.885,0.18,98.40285,1.67046,3,9
2016-07-09T17:09:18.20Z,62.0548936,6.9452852,257.280,-1.26,8.36,2.85,0.782,0.887,0.18,98.58291,1.69425,3,9
2016-07-09T17:09:18.40Z,62.0548915,6.9453158,256.747,-1.28,8.17,2.68,0.781,0.890,0.17,98.88471,1.68528,3,9
2016-07-09T17:09:18.60Z,62.0548893,6.9453455,256.221,-1.24,8.03,2.55,0.778,0.892,0.17,98.78344,1.59560,3,9
2016-07-09T17:09:18.80Z,62.0548875,6.9453753,255.672,-1.04,8.02,2.54,0.775,0.894,0.17,97.38099,1.63381,3,9
2016-07-09T17:09:19.00Z,62.0548859,6.9454046,255.151,-0.97,8.00,2.49,0.773,0.896,0.17,96.93136,1.66587,3,9
2016-07-09T17:09:19.20Z,62.0548845,6.9454347,254.582,-0.97,8.05,2.55,0.773,0.898,0.18,96.89768,1.79633,3,9
2016-07-09T17:09:19.40Z,62.0548831,6.9454642,254.001,-0.94,7.93,2.62,0.773,0.900,0.18,96.73036,1.72577,3,9
2016-07-09T17:09:19.60Z,62.0548819,6.9454931,253.348,-0.85,7.97,2.64,0.770,0.899,0.18,96.07250,1.68457,3,9
2016-07-09T17:09:19.80Z,62.0548808,6.9455233,252.729,-0.67,8.09,2.68,0.769,0.901,0.18,94.75197,1.70705,3,9
2016-07-09T17:09:20.00Z,62.0548802,6.9455542,252.082,-0.40,8.13,2.84,0.770,0.903,0.18,92.80507,1.69663,3,9
2016-07-09T17:09:20.20Z,62.0548795,6.9455844,251.416,-0.44,7.96,2.96,0.770,0.904,0.19,93.15579,1.78899,3,9
2016-07-09T17:09:20.40Z,62.0548791,6.9456148,250.731,-0.24,8.02,3.20,0.771,0.908,0.20,91.74009,1.75664,3,9
2016-07-09T17:09:20.60Z,62.0548786,6.9456469,250.078,-0.37,8.42,3.12,0.773,0.912,0.19,92.48505,1.67189,3,9
2016-07-09T17:09:20.80Z,62.0548782,6.9456794,249.412,-0.27,8.56,3.14,0.775,0.915,0.19,91.82725,1.67998,3,8
2016-07-09T17:09:21.00Z,62.0548781,6.9457113,248.736,-0.10,8.37,3.17,0.776,0.919,0.19,90.66640,1.71753,3,9
2016-07-09T17:09:21.20Z,62.0548786,6.9457428,248.087,0.21,8.30,3.16,0.777,0.921,0.18,88.55824,1.67931,3,9
2016-07-09T17:09:21.40Z,62.0548787,6.9457755,247.399,0.03,8.64,3.31,0.779,0.924,0.19,89.77824,1.71243,3,9
2016-07-09T17:09:21.60Z,62.0548788,6.9458079,246.801,-0.10,8.47,3.11,0.781,0.927,0.20,90.68184,1.76632,3,9
2016-07-09T17:09:21.80Z,62.0548786,6.9458391,246.216,-0.10,8.15,3.01,0.784,0.930,0.20,90.70004,2.04980,3,9
2016-07-09T17:09:22.00Z,62.0548782,6.9458710,245.580,-0.29,8.36,3.05,0.789,0.933,0.19,91.95984,2.36481,3,9
2016-07-09T17:09:22.20Z,62.0548784,6.9459036,244.980,-0.03,8.54,2.98,0.794,0.937,0.20,90.17568,2.25863,3,9
2016-07-09T17:09:22.40Z,62.0548784,6.9459355,244.384,-0.11,8.39,2.95,0.797,0.940,0.20,90.74427,1.86211,3,9
2016-07-09T17:09:22.60Z,62.0548778,6.9459664,243.783,-0.41,8.14,2.91,0.800,0.944,0.20,92.90396,1.99172,3,9
2016-07-09T17:09:22.80Z,62.0548772,6.9459969,243.219,-0.40,8.00,2.83,0.803,0.948,0.20,92.88175,2.03023,3,9
2016-07-09T17:09:23.00Z,62.0548765,6.9460276,242.638,-0.48,8.03,2.83,0.806,0.952,0.20,93.45467,2.04098,3,9
2016-07-09T17:09:23.20Z,62.0548760,6.9460585,242.083,-0.35,8.09,2.79,0.809,0.956,0.20,92.50562,1.96572,3,9
2016-07-09T17:09:23.40Z,62.0548752,6.9460892,241.490,-0.49,8.06,2.84,0.812,0.960,0.20,93.50001,1.96453,3,9
2016-07-09T17:09:23.60Z,62.0548746,6.9461195,240.904,-0.43,7.96,2.84,0.815,0.963,0.19,93.11841,1.97756,3,9
2016-07-09T17:09:23.80Z,62.0548742,6.9461497,240.329,-0.38,7.95,2.83,0.818,0.967,0.20,92.72552,1.99131,3,9
2016-07-09T17:09:24.00Z,62.0548734,6.9461797,239.709,-0.49,7.89,2.91,0.824,0.972,0.24,93.58767,2.40232,3,9
2016-07-09T17:09:24.20Z,62.0548725,6.9462098,239.093,-0.52,7.93,2.99,0.832,0.977,0.26,93.73772,2.47069,3,9
2016-07-09T17:09:24.40Z,62.0548714,6.9462399,238.455,-0.61,7.95,3.10,0.839,0.983,0.24,94.35408,2.45281,3,9
2016-07-09T17:09:24.60Z,62.0548705,6.9462650,237.673,-0.59,6.79,3.27,0.841,0.985,0.22,94.65476,2.42973,3,9
2016-07-09T17:09:24.80Z,62.0548711,6.9462929,236.922,-0.06,7.49,3.55,0.844,0.989,0.25,90.45034,2.16469,3,9
2016-07-09T17:09:25.00Z,62.0548701,6.9463228,236.277,-0.80,7.82,3.13,0.847,0.995,0.25,95.85639,2.07284,3,9
2016-07-09T17:09:25.20Z,62.0548688,6.9463514,235.595,-0.84,7.56,3.10,0.852,1.004,0.28,96.33331,2.15082,3,9
2016-07-09T17:09:25.40Z,62.0548670,6.9463811,234.956,-1.15,7.82,2.92,0.857,1.015,0.28,98.39908,2.11693,3,9
2016-07-09T17:09:25.60Z,62.0548650,6.9464119,234.411,-1.30,8.12,2.79,0.859,1.028,0.27,99.09758,1.80566,3,9
2016-07-09T17:09:25.80Z,62.0548631,6.9464439,233.809,-1.30,8.40,2.89,0.866,1.042,0.29,98.83355,2.10815,3,9
2016-07-09T17:09:26.00Z,62.0548612,6.9464764,233.064,-1.04,8.49,3.23,0.877,1.057,0.34,96.95889,2.10956,3,9
2016-07-09T17:09:26.20Z,62.0548590,6.9465068,232.378,-1.31,8.00,3.29,0.891,1.072,0.35,99.32500,2.71147,3,9
2016-07-09T17:09:26.40Z,62.0548567,6.9465367,231.661,-1.24,7.78,3.37,0.897,1.082,0.29,99.02020,2.53430,3,9
2016-07-09T17:09:26.60Z,62.0548544,6.9465666,230.945,-1.32,7.75,3.43,0.903,1.092,0.28,99.63536,2.54466,3,9
2016-07-09T17:09:26.80Z,62.0548521,6.9465963,230.162,-1.29,7.76,3.66,0.908,1.101,0.28,99.41409,2.42608,3,9
2016-07-09T17:09:27.00Z,62.0548501,6.9466267,229.394,-1.28,8.02,3.78,0.912,1.109,0.27,99.04445,2.15143,3,9
2016-07-09T17:09:27.20Z,62.0548484,6.9466577,228.685,-0.99,8.16,3.72,0.917,1.117,0.26,96.94258,2.27930,3,9
2016-07-09T17:09:27.40Z,62.0548473,6.9466886,227.990,-0.86,8.18,3.63,0.921,1.125,0.26,95.98978,2.20287,3,9
2016-07-09T17:09:27.60Z,62.0548462,6.9467202,227.305,-0.69,8.23,3.44,0.926,1.133,0.25,94.79054,2.21375,3,9
2016-07-09T17:09:27.80Z,62.0548456,6.9467523,226.636,-0.40,8.40,3.34,0.932,1.143,0.26,92.72275,2.15754,3,8
2016-07-09T17:09:28.00Z,62.0548453,6.9467846,225.969,-0.12,8.36,3.22,0.936,1.151,0.25,90.82587,2.14275,3,8
2016-07-09T17:09:28.20Z,62.0548460,6.9468165,225.373,0.31,8.37,3.11,0.940,1.158,0.23,87.87759,2.08506,3,8
2016-07-09T17:09:28.40Z,62.0548473,6.9468476,224.772,0.66,8.23,3.06,0.944,1.165,0.24,85.42075,2.10394,3,8
2016-07-09T17:09:28.60Z,62.0548496,6.9468775,224.208,1.18,7.95,2.94,0.948,1.172,0.24,81.58557,2.13184,3,8
2016-07-09T17:09:28.80Z,62.0548525,6.9469077,223.620,1.52,7.97,2.87,0.951,1.179,0.25,79.18930,1.98514,3,8
2016-07-09T17:09:29.00Z,62.0548554,6.9469376,223.015,1.56,7.96,2.81,0.956,1.187,0.25,78.89436,2.11036,3,8
2016-07-09T17:09:29.20Z,62.0548580,6.9469684,222.479,1.40,8.20,2.76,0.959,1.194,0.24,80.30763,2.10885,3,7
2016-07-09T17:09:29.40Z,62.0548609,6.9469979,221.883,1.81,7.72,2.85,0.959,1.200,0.24,76.77697,2.06294,3,7
2016-07-09T17:09:29.60Z,62.0548647,6.9470264,221.279,2.15,7.48,2.87,0.958,1.207,0.26,73.99249,1.86190,3,7
2016-07-09T17:09:29.80Z,62.0548687,6.9470537,220.673,2.41,7.11,2.89,0.958,1.211,0.25,71.29897,1.95849,3,7
2016-07-09T17:09:30.00Z,62.0548734,6.9470807,220.041,2.68,7.22,2.98,0.958,1.213,0.25,69.65838,1.97174,3,7
2016-07-09T17:09:30.20Z,62.0548769,6.9471081,219.390,2.10,7.27,3.00,0.960,1.216,0.24,73.88145,2.10269,3,7
2016-07-09T17:09:30.40Z,62.0548799,6.9471360,218.787,1.71,7.41,2.98,0.963,1.221,0.24,76.99993,2.14698,3,7
2016-07-09T17:09:30.60Z,62.0548833,6.9471633,218.190,1.73,7.25,2.97,0.965,1.226,0.24,76.55753,2.15281,3,7
2016-07-09T17:09:30.80Z,62.0548863,6.9471905,217.570,1.60,7.16,3.01,0.966,1.230,0.24,76.98173,2.22827,3,7
2016-07-09T17:09:31.00Z,62.0548892,6.9472172,216.943,1.62,7.07,3.06,0.968,1.234,0.24,77.03636,2.21777,3,7
2016-07-09T17:09:31.20Z,62.0548920,6.9472439,216.274,1.63,7.05,3.14,0.971,1.239,0.24,77.02236,2.31205,3,7
2016-07-09T17:09:31.40Z,62.0548949,6.9472703,215.579,1.80,6.91,3.25,0.974,1.242,0.24,76.20886,2.32244,3,7
2016-07-09T17:09:31.60Z,62.0548982,6.9472956,214.927,1.82,6.67,3.20,0.978,1.247,0.24,75.49020,2.44755,3,7
2016-07-09T17:09:31.80Z,62.0549017,6.9473207,214.280,2.01,6.69,3.23,0.982,1.252,0.24,74.35643,2.40819,3,7
2016-07-09T17:09:32.00Z,62.0549062,6.9473457,213.592,2.48,6.52,3.31,0.985,1.257,0.25,71.63560,2.31100,3,7
2016-07-09T17:09:32.20Z,62.0549113,6.9473697,212.857,2.99,6.40,3.41,0.985,1.258,0.27,67.97682,2.13415,3,7
2016-07-09T17:09:32.40Z,62.0549171,6.9473930,212.084,3.41,6.36,3.62,0.983,1.260,0.27,61.77087,1.89319,3,7
2016-07-09T17:09:32.60Z,62.0549243,6.9474155,211.297,4.24,6.06,3.80,0.981,1.262,0.26,55.04370,1.68243,3,7
2016-07-09T17:09:32.80Z,62.0549326,6.9474370,210.429,4.77,5.82,4.11,0.978,1.266,0.26,50.63681,1.51054,3,7
2016-07-09T17:09:33.00Z,62.0549420,6.9474593,209.477,5.42,5.67,4.41,0.980,1.273,0.27,46.30737,1.48057,3,7
2016-07-09T17:09:33.20Z,62.0549527,6.9474797,208.503,6.14,5.29,4.66,0.981,1.280,0.27,40.74561,1.38341,3,7
2016-07-09T17:09:33.40Z,62.0549651,6.9474982,207.502,6.85,4.66,4.84,0.983,1.285,0.27,34.22730,1.32109,3,7
2016-07-09T17:09:33.60Z,62.0549783,6.9475145,206.465,7.42,4.03,4.95,0.985,1.292,0.29,28.53632,1.38197,3,7
2016-07-09T17:09:33.80Z,62.0549921,6.9475253,205.485,7.72,2.89,4.96,0.986,1.299,0.25,20.53983,1.24136,3,7
2016-07-09T17:09:34.00Z,62.0550065,6.9475366,204.345,8.10,2.85,5.33,0.987,1.300,0.25,19.36994,1.21524,3,7
2016-07-09T17:09:34.20Z,62.0550211,6.9475447,203.255,8.20,2.16,5.36,0.987,1.300,0.25,14.79742,1.27049,3,7
2016-07-09T17:09:34.40Z,62.0550360,6.9475500,202.174,8.37,1.37,5.38,0.986,1.304,0.23,9.30945,1.30413,3,7
2016-07-09T17:09:34.60Z,62.0550506,6.9475510,201.102,8.29,0.31,5.32,0.986,1.307,0.23,2.11892,1.37708,3,7
2016-07-09T17:09:34.80Z,62.0550648,6.9475477,200.048,7.99,-0.87,5.29,0.985,1.311,0.21,353.80971,1.43453,3,7
2016-07-09T17:09:35.00Z,62.0550780,6.9475398,198.921,7.45,-2.12,5.51,0.986,1.314,0.21,344.13640,1.68411,3,7
2016-07-09T17:09:35.20Z,62.0550899,6.9475268,197.688,6.91,-3.32,5.96,0.989,1.315,0.20,334.31978,1.97700,3,7
2016-07-09T17:09:35.40Z,62.0551012,6.9475097,196.397,6.56,-4.37,6.33,0.994,1.316,0.21,326.35454,2.27013,3,7
2016-07-09T17:09:35.60Z,62.0551107,6.9474891,195.018,5.66,-5.29,6.70,0.997,1.319,0.18,316.93620,2.25356,3,7
2016-07-09T17:09:35.80Z,62.0551189,6.9474646,193.579,4.86,-6.25,6.99,1.000,1.321,0.17,307.87959,2.22158,3,7
2016-07-09T17:09:36.00Z,62.0551256,6.9474373,192.121,3.93,-7.14,7.11,1.003,1.324,0.17,298.85388,2.22753,3,7
2016-07-09T17:09:36.20Z,62.0551309,6.9474074,190.738,2.96,-7.90,6.89,1.006,1.326,0.18,290.53274,2.18796,3,7
2016-07-09T17:09:36.40Z,62.0551346,6.9473752,189.446,2.04,-8.50,6.51,1.010,1.332,0.18,283.50679,2.08067,3,7
2016-07-09T17:09:36.60Z,62.0551380,6.9473413,188.355,1.58,-8.93,5.89,1.015,1.340,0.19,280.05272,2.31740,3,7
2016-07-09T17:09:36.80Z,62.0551411,6.9473069,187.473,1.32,-9.02,5.14,1.020,1.348,0.18,278.32042,2.25947,3,7
2016-07-09T17:09:37.00Z,62.0551439,6.9472716,186.756,1.14,-9.14,4.47,1.024,1.354,0.17,277.08567,2.28785,3,7
2016-07-09T17:09:37.20Z,62.0551473,6.9472378,186.242,1.40,-8.69,3.81,1.026,1.359,0.17,279.14609,2.41862,3,7
2016-07-09T17:09:37.40Z,62.0551507,6.9472058,185.776,1.45,-8.25,3.26,1.026,1.363,0.16,279.99092,1.85477,3,7
2016-07-09T17:09:37.60Z,62.0551544,6.9471756,185.406,1.65,-7.80,2.84,1.026,1.367,0.16,281.91754,1.99950,3,7
2016-07-09T17:09:37.80Z,62.0551587,6.9471468,185.054,2.15,-7.42,2.56,1.027,1.372,0.16,286.18479,2.01514,3,7
2016-07-09T17:09:38.00Z,62.0551631,6.9471190,184.731,2.22,-7.15,2.33,1.026,1.375,0.17,286.70771,2.10541,3,7
2016-07-09T17:09:38.20Z,62.0551671,6.9470928,184.409,2.05,-6.74,2.17,1.027,1.378,0.17,286.81142,2.43388,3,7
2016-07-09T17:09:38.40Z,62.0551706,6.9470688,184.045,1.86,-6.22,2.12,1.027,1.378,0.17,286.74659,2.55562,3,7
2016-07-09T17:09:38.60Z,62.0551739,6.9470450,183.716,1.79,-6.12,2.05,1.026,1.381,0.17,286.53001,2.62019,3,7
2016-07-09T17:09:38.80Z,62.0551766,6.9470229,183.252,1.66,-5.83,2.19,1.026,1.382,0.17,286.20607,2.77970,3,7
2016-07-09T17:09:39.00Z,62.0551796,6.9470017,182.748,1.62,-5.65,2.36,1.026,1.385,0.17,286.10971,2.86455,3,7
2016-07-09T17:09:39.20Z,62.0551824,6.9469803,182.161,1.67,-5.71,2.60,1.028,1.390,0.19,286.21487,2.95801,3,7
2016-07-09T17:09:39.40Z,62.0551849,6.9469592,181.512,1.65,-5.59,2.85,1.027,1.392,0.20,286.34240,2.84036,3,7
2016-07-09T17:09:39.60Z,62.0551884,6.9469375,180.794,1.74,-5.80,3.16,1.026,1.395,0.20,286.54007,2.73513,3,7
2016-07-09T17:09:39.80Z,62.0551917,6.9469153,180.034,1.91,-5.86,3.49,1.025,1.397,0.17,287.38565,2.55120,3,7
2016-07-09T17:09:40.00Z,62.0551959,6.9468939,179.133,2.30,-5.86,3.83,1.021,1.396,0.16,289.49697,2.44898,3,7
2016-07-09T17:09:40.20Z,62.0552001,6.9468719,178.218,2.63,-5.88,4.07,1.020,1.397,0.16,291.73798,2.51441,3,7
2016-07-09T17:09:40.40Z,62.0552052,6.9468504,177.281,3.12,-5.71,4.26,1.018,1.396,0.16,295.28954,2.47019,3,7
2016-07-09T17:09:40.60Z,62.0552118,6.9468288,176.296,3.81,-5.74,4.50,1.017,1.396,0.15,303.56086,2.31992,3,7
2016-07-09T17:09:40.80Z,62.0552197,6.9468080,175.295,4.45,-5.48,4.74,1.018,1.399,0.16,309.12054,2.31779,3,7
2016-07-09T17:09:41.00Z,62.0552288,6.9467887,174.233,5.12,-5.12,5.05,1.019,1.400,0.16,315.00207,2.26828,3,7
2016-07-09T17:09:41.20Z,62.0552393,6.9467704,173.097,5.95,-4.82,5.36,1.024,1.402,0.21,321.00078,2.61019,3,7
2016-07-09T17:09:41.40Z,62.0552515,6.9467546,171.862,6.83,-4.25,5.73,1.030,1.404,0.22,328.12913,2.47854,3,7
2016-07-09T17:09:41.60Z,62.0552651,6.9467407,170.586,7.62,-3.73,6.04,1.034,1.407,0.20,333.92898,2.05853,3,7
2016-07-09T17:09:41.80Z,62.0552804,6.9467302,169.193,8.55,-2.84,6.53,1.038,1.410,0.20,341.60751,1.97786,3,7
2016-07-09T17:09:42.00Z,62.0552971,6.9467226,167.727,9.35,-2.13,6.85,1.043,1.413,0.22,347.18418,1.82521,3,7
2016-07-09T17:09:42.20Z,62.0553144,6.9467174,166.233,9.73,-1.43,7.14,1.048,1.415,0.23,351.64006,1.66196,3,7
2016-07-09T17:09:42.40Z,62.0553326,6.9467153,164.722,10.14,-0.69,7.27,1.051,1.419,0.24,356.07793,1.46417,3,7
2016-07-09T17:09:42.60Z,62.0553520,6.9467161,163.279,10.63,0.06,7.17,1.057,1.423,0.25,0.33885,1.60724,3,7
2016-07-09T17:09:42.80Z,62.0553716,6.9467198,161.887,10.74,0.79,6.98,1.062,1.427,0.26,4.21302,1.53363,3,7
2016-07-09T17:09:43.00Z,62.0553920,6.9467276,160.592,11.12,1.77,6.62,1.067,1.433,0.28,9.03118,1.25398,3,7
2016-07-09T17:09:43.20Z,62.0554127,6.9467373,159.428,11.20,2.39,6.17,1.070,1.437,0.28,12.06015,1.16280,3,7
2016-07-09T17:09:43.40Z,62.0554332,6.9467489,158.389,11.09,3.01,5.67,1.074,1.442,0.29,15.16934,1.16822,3,7
2016-07-09T17:09:43.60Z,62.0554538,6.9467619,157.451,11.20,3.51,5.27,1.077,1.445,0.27,17.40166,1.26028,3,7
2016-07-09T17:09:43.80Z,62.0554739,6.9467772,156.617,10.99,4.03,4.71,1.082,1.448,0.30,20.14331,1.28583,3,7
2016-07-09T17:09:44.00Z,62.0554928,6.9467929,155.980,10.28,4.24,4.01,1.091,1.454,0.30,22.43209,1.68676,3,7
2016-07-09T17:09:44.20Z,62.0555102,6.9468109,155.387,9.60,4.62,3.40,1.102,1.460,0.31,25.71292,1.89199,3,7
2016-07-09T17:09:44.40Z,62.0555266,6.9468304,154.957,8.96,4.99,2.72,1.113,1.467,0.29,29.10731,2.02955,3,7
2016-07-09T17:09:44.60Z,62.0555416,6.9468494,154.630,8.20,4.97,2.17,1.127,1.476,0.31,31.22413,2.19377,3,7
2016-07-09T17:09:44.80Z,62.0555563,6.9468628,154.561,7.77,4.28,1.61,1.121,1.471,0.29,28.86577,1.63941,3,7
2016-07-09T17:09:45.00Z,62.0555700,6.9468751,154.563,7.32,4.06,1.22,1.121,1.472,0.28,28.99782,1.87983,3,7
2016-07-09T17:09:45.20Z,62.0555821,6.9468882,154.490,6.63,3.90,0.94,1.120,1.472,0.31,29.72210,1.89069,3,7
2016-07-09T17:09:45.40Z,62.0555927,6.9468983,154.491,5.78,3.02,0.69,1.119,1.474,0.33,28.72289,2.04992,3,7
2016-07-09T17:09:45.60Z,62.0555995,6.9469054,154.428,3.98,2.25,0.54,1.116,1.474,0.30,28.99840,2.77320,3,7
2016-07-09T17:09:45.80Z,62.0556074,6.9469110,154.460,4.32,1.76,0.26,1.113,1.475,0.30,25.47401,2.69677,3,7
2016-07-09T17:09:46.00Z,62.0556150,6.9469168,154.764,3.83,2.00,-0.43,1.118,1.479,0.34,26.24977,3.49678,3,7
2016-07-09T17:09:46.20Z,62.0556215,6.9469239,154.787,3.64,2.00,-0.37,1.125,1.481,0.33,27.21399,4.48589,3,7
2016-07-09T17:09:46.40Z,62.0556279,6.9469310,154.885,3.55,1.89,-0.49,1.126,1.482,0.30,27.68011,4.09551,3,7
2016-07-09T17:09:46.60Z,62.0556341,6.9469359,154.888,3.28,1.48,-0.28,1.122,1.481,0.29,25.98909,4.10037,3,7
2016-07-09T17:09:46.80Z,62.0556391,6.9469412,154.988,2.61,1.53,-0.39,1.120,1.484,0.28,27.65445,5.30350,3,7
2016-07-09T17:09:47.00Z,62.0556439,6.9469445,154.932,2.65,0.78,-0.34,1.123,1.487,0.32,23.06269,6.39908,3,7
2016-07-09T17:09:47.20Z,62.0556485,6.9469452,154.885,2.64,0.20,-0.16,1.129,1.493,0.33,14.81830,7.22406,3,7
2016-07-09T17:09:47.40Z,62.0556533,6.9469450,154.872,2.42,0.19,-0.10,1.131,1.500,0.31,10.15137,7.92178,3,7
2016-07-09T17:09:47.60Z,62.0556567,6.9469480,154.759,1.87,0.63,0.03,1.128,1.505,0.31,15.07519,6.87497,3,7
2016-07-09T17:09:47.80Z,62.0556605,6.9469513,154.740,1.91,0.89,-0.08,1.124,1.508,0.28,20.65607,6.14083,3,7
2016-07-09T17:09:48.00Z,62.0556630,6.9469545,154.805,1.23,0.81,-0.14,1.120,1.514,0.28,24.80431,8.75445,3,7
2016-07-09T17:09:48.20Z,62.0556642,6.9469591,154.777,0.64,1.18,-0.05,1.115,1.519,0.28,41.26199,9.69181,3,7
2016-07-09T17:09:48.40Z,62.0556654,6.9469643,154.811,0.53,1.25,-0.17,1.114,1.531,0.29,52.94825,10.56255,3,7
2016-07-09T17:09:48.60Z,62.0556670,6.9469688,154.693,0.94,0.75,0.00,1.114,1.552,0.30,46.64462,11.85563,3,7
2016-07-09T17:09:48.80Z,62.0556689,6.9469725,154.767,1.11,1.01,-0.10,1.121,1.575,0.35,44.31828,11.05299,3,7
2016-07-09T17:09:49.00Z,62.0556696,6.9469767,154.496,0.96,0.71,0.21,1.122,1.584,0.35,40.80888,12.10823,3,7
2016-07-09T17:09:49.20Z,62.0556706,6.9469808,154.388,0.52,1.12,0.14,1.126,1.583,0.42,49.09060,16.82637,3,7
2016-07-09T17:09:49.40Z,62.0556716,6.9469839,154.377,0.66,0.66,0.00,1.128,1.581,0.41,47.01339,16.05674,3,7
2016-07-09T17:09:49.60Z,62.0556719,6.9469850,154.330,0.29,0.29,-0.01,1.129,1.583,0.39,46.65675,34.72576,3,7
2016-07-09T17:09:49.80Z,62.0556725,6.9469881,154.238,0.39,0.20,-0.03,1.133,1.600,0.44,36.23219,33.14538,3,7
2016-07-09T17:09:50.00Z,62.0556730,6.9469887,154.299,0.18,0.12,-0.12,1.142,1.623,0.50,36.23219,33.14552,3,7
2016-07-09T17:09:50.20Z,62.0556720,6.9469915,154.044,-0.08,0.01,0.10,1.148,1.636,0.53,36.23219,33.14566,3,7
2016-07-09T17:09:50.40Z,62.0556711,6.9469933,153.771,-0.15,-0.51,0.12,1.147,1.635,0.31,342.86645,42.98562,3,7
2016-07-09T17:09:50.60Z,62.0556718,6.9469913,153.879,0.31,-0.60,-0.20,1.144,1.635,0.29,309.25799,26.02261,3,7
2016-07-09T17:09:50.80Z,62.0556728,6.9469880,153.928,0.33,-0.52,0.03,1.140,1.632,0.19,305.88781,27.13581,3,7
2016-07-09T17:09:51.00Z,62.0556739,6.9469867,154.065,0.28,0.01,-0.03,1.137,1.633,0.29,305.88781,27.13590,3,7
2016-07-09T17:09:51.20Z,62.0556745,6.9469906,153.946,0.45,0.84,0.11,1.136,1.637,0.31,28.22030,17.28123,3,7
2016-07-09T17:09:51.40Z,62.0556758,6.9469920,153.923,0.69,0.22,0.03,1.140,1.650,0.43,23.11805,17.85876,3,7
2016-07-09T17:09:51.60Z,62.0556771,6.9469941,153.908,0.68,0.51,0.06,1.147,1.661,0.41,29.15910,20.12026,3,7
2016-07-09T17:09:51.80Z,62.0556772,6.9469947,153.967,0.05,0.31,0.00,1.146,1.666,0.20,29.15910,20.12040,3,7
2016-07-09T17:09:52.00Z,62.0556770,6.9469945,154.001,-0.15,0.01,-0.01,1.143,1.664,0.29,29.15910,20.12053,3,7
2016-07-09T17:09:52.20Z,62.0556768,6.9469921,154.015,-0.03,-0.70,0.01,1.139,1.663,0.22,338.75470,23.96151,3,7
2016-07-09T17:09:52.40Z,62.0556769,6.9469909,154.092,0.05,-0.22,-0.06,1.138,1.660,0.27,338.75470,23.96161,3,7
2016-07-09T17:09:52.60Z,62.0556782,6.9469879,154.235,0.47,-0.31,-0.03,1.138,1.657,0.31,334.57971,32.94292,3,7
2016-07-09T17:09:52.80Z,62.0556784,6.9469843,154.381,0.11,-0.36,-0.04,1.143,1.657,0.28,334.57971,32.94303,3,7
2016-07-09T17:09:53.00Z,62.0556786,6.9469830,154.465,0.07,-0.09,-0.09,1.148,1.657,0.36,334.57971,32.94313,3,7
2016-07-09T17:09:53.20Z,62.0556783,6.9469817,154.541,-0.17,-0.03,-0.06,1.154,1.658,0.36,334.57971,32.94323,3,7
2016-07-09T17:09:53.40Z,62.0556784,6.9469808,154.677,-0.08,0.02,-0.06,1.157,1.655,0.26,334.57971,32.94330,3,7
2016-07-09T17:09:53.60Z,62.0556788,6.9469794,154.810,0.11,-0.02,-0.01,1.161,1.652,0.34,334.57971,32.94339,3,7
2016-07-09T17:09:53.80Z,62.0556791,6.9469785,154.793,0.25,-0.03,0.02,1.165,1.649,0.35,334.57971,32.94349,3,7
2016-07-09T17:09:54.00Z,62.0556786,6.9469782,154.642,-0.01,0.00,0.04,1.168,1.644,0.37,334.57971,32.94359,3,7
2016-07-09T17:09:54.20Z,62.0556777,6.9469777,154.534,-0.31,-0.08,-0.08,1.171,1.643,0.34,276.14362,38.79211,3,7
2016-07-09T17:09:54.40Z,62.0556784,6.9469775,154.730,-0.15,-0.05,-0.11,1.173,1.641,0.29,276.14362,38.79218,3,7
2016-07-09T17:09:54.60Z,62.0556787,6.9469776,154.795,-0.07,0.04,-0.08,1.176,1.639,0.22,276.14362,38.79223,3,7
2016-07-09T17:09:54.80Z,62.0556791,6.9469771,154.841,0.15,-0.03,0.02,1.179,1.641,0.30,276.14362,38.79230,3,7
2016-07-09T17:09:55.00Z,62.0556797,6.9469754,154.917,0.14,-0.28,0.01,1.183,1.639,0.24,276.14362,38.79237,3,7
2016-07-09T17:09:55.20Z,62.0556785,6.9469736,154.807,-0.20,-0.15,0.13,1.187,1.638,0.36,276.14362,38.79245,3,7
2016-07-09T17:09:55.40Z,62.0556780,6.9469742,154.708,0.11,0.33,0.05,1.191,1.641,0.29,276.14362,38.79254,3,7
2016-07-09T17:09:55.60Z,62.0556781,6.9469758,154.602,0.19,0.60,0.06,1.195,1.650,0.30,21.73821,26.93669,3,7
2016-07-09T17:09:55.80Z,62.0556780,6.9469751,154.724,-0.03,0.09,-0.06,1.210,1.660,0.29,21.73821,26.93679,3,7
2016-07-09T17:09:56.00Z,62.0556779,6.9469745,154.833,-0.08,0.17,-0.06,1.221,1.666,0.29,21.73821,26.93688,3,7
2016-07-09T17:09:56.20Z,62.0556782,6.9469750,154.859,0.18,0.41,0.04,1.238,1.677,0.35,21.73821,26.93703,3,7
2016-07-09T17:09:56.40Z,62.0556780,6.9469736,154.931,0.05,0.05,0.00,1.256,1.691,0.49,21.73821,26.93720,3,7
2016-07-09T17:09:56.60Z,62.0556777,6.9469726,154.900,0.05,-0.04,0.00,1.256,1.700,0.32,21.73821,26.93730,3,7
2016-07-09T17:09:56.80Z,62.0556780,6.9469711,154.981,0.02,-0.12,0.02,1.252,1.697,0.17,21.73821,26.93736,3,7
2016-07-09T17:09:57.00Z,62.0556781,6.9469693,154.982,-0.07,-0.19,-0.03,1.251,1.693,0.26,21.73821,26.93744,3,7
2016-07-09T17:09:57.20Z,62.0556783,6.9469678,155.008,-0.04,-0.19,-0.02,1.254,1.689,0.28,21.73821,26.93754,3,7
2016-07-09T17:09:57.40Z,62.0556789,6.9469670,155.097,0.25,0.15,0.00,1.254,1.688,0.35,24.27434,43.58669,3,7
2016-07-09T17:09:57.60Z,62.0556791,6.9469662,155.180,-0.03,-0.13,0.00,1.255,1.689,0.23,24.27434,43.58674,3,7
2016-07-09T17:09:57.80Z,62.0556783,6.9469644,155.201,-0.26,-0.24,0.10,1.259,1.691,0.34,24.27434,43.58682,3,7
2016-07-09T17:09:58.00Z,62.0556783,6.9469627,155.246,-0.02,-0.16,0.10,1.261,1.689,0.25,24.27434,43.58687,3,7
2016-07-09T17:09:58.20Z,62.0556772,6.9469619,155.113,-0.15,-0.12,0.10,1.261,1.686,0.34,24.27434,43.58694,3,7
2016-07-09T17:09:58.40Z,62.0556770,6.9469621,154.980,0.23,0.12,0.08,1.256,1.685,0.28,24.27434,43.58700,3,7
2016-07-09T17:09:58.60Z,62.0556764,6.9469634,154.990,-0.09,0.26,-0.06,1.252,1.683,0.18,24.27434,43.58705,3,7
2016-07-09T17:09:58.80Z,62.0556751,6.9469625,155.089,-0.75,-0.21,-0.23,1.252,1.679,0.33,174.08445,16.43693,3,7
2016-07-09T17:09:59.00Z,62.0556751,6.9469626,155.161,-0.18,-0.02,-0.14,1.257,1.679,0.31,174.08445,16.43710,3,7
2016-07-09T17:09:59.20Z,62.0556747,6.9469611,155.216,-0.21,-0.17,0.04,1.258,1.674,0.35,174.08445,16.43730,3,7
2016-07-09T17:09:59.40Z,62.0556748,6.9469599,155.279,-0.02,0.04,0.05,1.261,1.671,0.34,174.08445,16.43748,3,7
2016-07-09T17:09:59.60Z,62.0556750,6.9469593,155.301,0.03,0.00,0.00,1.266,1.670,0.47,174.08445,16.43774,3,7
2016-07-09T17:09:59.80Z,62.0556746,6.9469587,155.312,-0.12,-0.04,0.02,1.271,1.671,0.42,174.08445,16.43797,3,7
2016-07-09T17:10:00.00Z,62.0556742,6.9469577,155.328,-0.14,-0.14,0.05,1.275,1.671,0.36,174.08445,16.43817,3,7
2016-07-09T17:10:00.20Z,62.0556740,6.9469574,155.375,-0.09,-0.14,-0.02,1.274,1.667,0.32,174.08445,16.43834,3,7
2016-07-09T17:10:00.40Z,62.0556739,6.9469560,155.402,0.01,-0.25,0.04,1.272,1.661,0.22,174.08445,16.43848,3,7
2016-07-09T17:10:00.60Z,62.0556738,6.9469545,155.426,-0.05,-0.29,0.02,1.279,1.665,0.25,174.08445,16.43864,3,7
2016-07-09T17:10:00.80Z,62.0556739,6.9469542,155.418,0.03,-0.17,-0.01,1.288,1.671,0.27,174.08445,16.43879,3,7
2016-07-09T17:10:01.00Z,62.0556748,6.9469543,155.538,0.09,-0.05,-0.01,1.295,1.672,0.39,174.08445,16.43900,3,7
2016-07-09T17:10:01.20Z,62.0556748,6.9469537,155.506,0.22,-0.02,0.04,1.302,1.673,0.37,174.08445,16.43920,3,7
2016-07-09T17:10:01.40Z,62.0556754,6.9469527,155.568,0.29,-0.01,0.04,1.312,1.678,0.38,174.08445,16.43941,3,7
2016-07-09T17:10:01.60Z,62.0556748,6.9469550,155.387,0.06,0.28,0.14,1.317,1.680,0.30,174.08445,16.43958,3,7
2016-07-09T17:10:01.80Z,62.0556758,6.9469537,155.450,0.21,-0.18,0.02,1.310,1.678,0.27,174.08445,16.43974,3,7
2016-07-09T17:10:02.00Z,62.0556760,6.9469537,155.366,0.21,-0.09,0.02,1.303,1.674,0.29,174.08445,16.43989,3,7
2016-07-09T17:10:02.20Z,62.0556764,6.9469522,155.385,0.17,-0.30,-0.06,1.299,1.669,0.28,174.08445,16.44009,3,7
2016-07-09T17:10:02.40Z,62.0556766,6.9469515,155.370,0.16,-0.27,-0.05,1.296,1.667,0.28,174.08445,16.44026,3,7
2016-07-09T17:10:02.60Z,62.0556772,6.9469511,155.439,0.01,-0.19,-0.07,1.295,1.666,0.26,174.08445,16.44040,3,7
2016-07-09T17:10:02.80Z,62.0556762,6.9469502,155.429,-0.52,-0.12,-0.04,1.291,1.665,0.31,181.13371,21.12981,3,7
2016-07-09T17:10:03.00Z,62.0556756,6.9469495,155.325,-0.22,-0.26,0.22,1.292,1.663,0.27,181.13371,21.12999,3,7
2016-07-09T17:10:03.20Z,62.0556746,6.9469498,155.143,-0.09,0.01,0.02,1.283,1.658,0.32,181.13371,21.13012,3,7
2016-07-09T17:10:03.40Z,62.0556754,6.9469503,155.070,0.11,0.05,-0.08,1.277,1.653,0.31,181.13371,21.13025,3,7
2016-07-09T17:10:03.60Z,62.0556766,6.9469500,155.181,0.12,0.21,-0.14,1.269,1.653,0.21,181.13371,21.13037,3,7
2016-07-09T17:10:03.80Z,62.0556769,6.9469488,155.250,0.05,0.08,-0.01,1.266,1.652,0.21,181.13371,21.13046,3,7
2016-07-09T17:10:04.00Z,62.0556770,6.9469478,155.329,-0.14,0.15,0.00,1.264,1.651,0.26,181.13371,21.13057,3,7
2016-07-09T17:10:04.20Z,62.0556766,6.9469500,155.304,-0.24,0.36,-0.01,1.263,1.650,0.25,167.32738,37.29506,3,7
2016-07-09T17:10:04.40Z,62.0556767,6.9469513,155.265,-0.05,0.14,0.01,1.259,1.647,0.23,167.32738,37.29512,3,7
2016-07-09T17:10:04.60Z,62.0556769,6.9469529,155.217,0.13,0.23,-0.01,1.250,1.642,0.24,167.32738,37.29518,3,7
2016-07-09T17:10:04.80Z,62.0556777,6.9469552,155.199,0.10,0.44,0.01,1.235,1.633,0.22,112.38796,30.00406,3,7
2016-07-09T17:10:05.00Z,62.0556775,6.9469574,155.144,0.19,0.41,0.02,1.228,1.629,0.26,91.22184,33.69450,3,7
2016-07-09T17:10:05.20Z,62.0556767,6.9469609,154.954,0.22,0.21,0.01,1.222,1.626,0.30,91.22184,33.69458,3,7
2016-07-09T17:10:05.40Z,62.0556756,6.9469641,154.775,0.05,0.20,-0.02,1.216,1.621,0.20,91.22184,33.69464,3,7
2016-07-09T17:10:05.60Z,62.0556749,6.9469662,154.649,0.18,-0.09,-0.01,1.209,1.613,0.28,91.22184,33.69471,3,7
2016-07-09T17:10:05.80Z,62.0556742,6.9469680,154.564,-0.07,0.00,0.00,1.202,1.607,0.34,91.22184,33.69480,3,7
2016-07-09T17:10:06.00Z,62.0556752,6.9469683,154.544,0.38,-0.36,-0.05,1.196,1.602,0.22,21.40594,32.44938,3,7
2016-07-09T17:10:06.20Z,62.0556744,6.9469686,154.448,-0.26,-0.38,0.15,1.187,1.594,0.23,288.86111,24.69524,3,7
2016-07-09T17:10:06.40Z,62.0556747,6.9469682,154.324,0.10,-0.58,0.20,1.182,1.590,0.18,286.44076,41.10942,3,6
2016-07-09T17:10:06.60Z,62.0556764,6.9469665,154.307,0.53,-0.82,0.12,1.177,1.586,0.21,299.94778,19.56571,3,7
2016-07-09T17:10:06.80Z,62.0556766,6.9469681,154.210,0.25,-0.34,-0.07,1.173,1.584,0.26,299.94778,19.56591,3,7
2016-07-09T17:10:07.00Z,62.0556765,6.9469680,154.029,0.34,-0.42,0.16,1.166,1.578,0.20,302.09659,34.21312,3,7
2016-07-09T17:10:07.20Z,62.0556779,6.9469649,153.940,0.85,-0.67,0.14,1.160,1.577,0.19,318.93869,13.99375,3,7
2016-07-09T17:10:07.40Z,62.0556797,6.9469620,153.787,0.91,-0.88,0.30,1.159,1.575,0.18,317.54929,15.21360,3,6
2016-07-09T17:10:07.60Z,62.0556805,6.9469633,153.538,0.59,-0.48,0.01,1.159,1.574,0.28,318.28365,26.55239,3,7
2016-07-09T17:10:07.80Z,62.0556825,6.9469626,153.492,0.44,-0.67,0.01,1.159,1.579,0.24,310.81508,26.52690,3,7
2016-07-09T17:10:08.00Z,62.0556835,6.9469575,153.514,0.22,-1.19,0.16,1.157,1.585,0.19,288.33433,15.83279,3,7
2016-07-09T17:10:08.20Z,62.0556839,6.9469537,153.505,0.18,-1.11,0.05,1.160,1.596,0.21,284.92175,20.17123,3,7
2016-07-09T17:10:08.40Z,62.0556856,6.9469487,153.534,0.77,-1.14,0.09,1.161,1.605,0.23,297.77786,13.89732,3,8
2016-07-09T17:10:08.60Z,62.0556870,6.9469454,153.317,0.89,-0.94,0.37,1.157,1.597,0.19,305.69727,13.81596,3,8
2016-07-09T17:10:08.80Z,62.0556890,6.9469445,153.328,0.81,-0.36,0.05,1.155,1.603,0.30,317.47973,17.33945,3,8
2016-07-09T17:10:09.00Z,62.0556919,6.9469438,153.326,1.27,-0.33,0.09,1.156,1.610,0.33,336.31360,11.95946,3,8
2016-07-09T17:10:09.20Z,62.0556919,6.9469421,153.055,0.66,-0.84,0.28,1.155,1.617,0.19,326.95793,17.07173,3,7
2016-07-09T17:10:09.40Z,62.0556935,6.9469381,152.970,0.80,-1.12,0.21,1.159,1.623,0.21,314.53256,14.48892,3,7
2016-07-09T17:10:09.60Z,62.0556942,6.9469350,152.894,0.54,-0.97,0.12,1.163,1.636,0.21,308.75550,18.52456,3,7
2016-07-09T17:10:09.80Z,62.0556971,6.9469328,152.861,1.28,-0.68,0.33,1.164,1.644,0.21,325.16105,12.06387,3,8
2016-07-09T17:10:10.00Z,62.0556991,6.9469288,152.763,1.02,-1.23,0.25,1.162,1.645,0.21,316.21467,10.30539,3,8
2016-07-09T17:10:10.20Z,62.0557010,6.9469271,152.781,0.85,-0.51,-0.01,1.166,1.664,0.27,319.18411,18.98371,3,7
2016-07-09T17:10:10.40Z,62.0557033,6.9469254,152.776,1.14,-0.47,0.17,1.170,1.682,0.29,330.51753,14.97700,3,7
2016-07-09T17:10:10.60Z,62.0557047,6.9469225,152.568,0.95,-0.86,0.43,1.172,1.692,0.27,324.19498,14.98270,3,7
2016-07-09T17:10:10.80Z,62.0557059,6.9469198,152.511,0.63,-0.77,0.19,1.177,1.705,0.29,319.51191,22.38569,3,7
2016-07-09T17:10:11.00Z,62.0557071,6.9469175,152.411,0.84,-0.69,0.14,1.179,1.697,0.32,320.06663,18.96188,3,7
2016-07-09T17:10:11.20Z,62.0557096,6.9469151,152.402,1.18,-0.61,0.20,1.178,1.693,0.27,329.18922,11.38988,3,7
2016-07-09T17:10:11.40Z,62.0557109,6.9469119,152.328,0.69,-0.88,0.04,1.183,1.690,0.28,324.29765,20.69044,3,7
2016-07-09T17:10:11.60Z,62.0557126,6.9469082,152.333,0.84,-0.86,-0.04,1.191,1.698,0.29,319.25823,20.23893,3,7
2016-07-09T17:10:11.80Z,62.0557147,6.9469051,152.266,1.17,-0.74,0.12,1.198,1.700,0.35,324.82527,14.91455,3,7
2016-07-09T17:10:12.00Z,62.0557161,6.9469018,152.260,0.73,-0.94,-0.09,1.205,1.690,0.31,319.94240,23.57284,3,7
2016-07-09T17:10:12.20Z,62.0557161,6.9468984,152.230,-0.15,-1.06,-0.23,1.212,1.701,0.31,290.23952,22.96603,3,7
2016-07-09T17:10:12.40Z,62.0557166,6.9468962,152.172,0.48,-0.52,0.06,1.218,1.716,0.24,297.91059,31.69299,3,7
2016-07-09T17:10:12.60Z,62.0557176,6.9468958,151.905,0.61,-0.52,0.14,1.224,1.723,0.30,310.50116,26.40356,3,7
2016-07-09T17:10:12.80Z,62.0557177,6.9468918,151.816,0.30,-0.95,0.04,1.220,1.709,0.23,297.96586,23.89295,3,7
2016-07-09T17:10:13.00Z,62.0557177,6.9468904,151.658,0.27,-0.52,-0.07,1.226,1.701,0.30,297.96586,23.89317,3,7
2016-07-09T17:10:13.20Z,62.0557168,6.9468920,151.374,-0.07,0.07,-0.01,1.239,1.700,0.36,297.96586,23.89331,3,7
2016-07-09T17:10:13.40Z,62.0557168,6.9468930,151.308,-0.06,0.12,-0.08,1.249,1.697,0.23,297.96586,23.89339,3,7
2016-07-09T17:10:13.60Z,62.0557163,6.9468936,151.392,-0.38,0.23,-0.01,1.252,1.699,0.37,297.96586,23.89356,3,7
2016-07-09T17:10:13.80Z,62.0557160,6.9468947,151.359,-0.22,0.30,-0.04,1.249,1.685,0.26,297.96586,23.89370,3,7
2016-07-09T17:10:14.00Z,62.0557163,6.9468966,151.119,0.19,0.00,-0.01,1.248,1.670,0.44,297.96586,23.89387,3,7
2016-07-09T17:10:14.20Z,62.0557167,6.9468965,150.944,0.20,-0.32,0.07,1.246,1.654,0.23,297.96586,23.89401,3,7
2016-07-09T17:10:14.40Z,62.0557178,6.9468953,151.094,0.17,-0.27,-0.02,1.244,1.656,0.28,297.96586,23.89413,3,7
2016-07-09T17:10:14.60Z,62.0557175,6.9468949,151.073,-0.24,-0.26,-0.01,1.244,1.659,0.37,297.96586,23.89427,3,7
2016-07-09T17:10:14.80Z,62.0557163,6.9468933,151.016,-0.33,-0.26,0.04,1.246,1.669,0.42,276.57665,39.61050,3,7
2016-07-09T17:10:15.00Z,62.0557168,6.9468920,151.170,-0.30,-0.46,-0.19,1.247,1.680,0.34,251.56603,30.36023,3,7
2016-07-09T17:10:15.20Z,62.0557166,6.9468936,150.932,-0.18,-0.05,0.11,1.244,1.675,0.41,251.56603,30.36035,3,7
2016-07-09T17:10:15.40Z,62.0557168,6.9468935,151.046,-0.12,0.07,0.02,1.242,1.670,0.32,251.56603,30.36045,3,7
2016-07-09T17:10:15.60Z,62.0557170,6.9468946,151.085,0.01,0.22,-0.05,1.239,1.667,0.20,251.56603,30.36051,3,7
2016-07-09T17:10:15.80Z,62.0557176,6.9468952,151.107,0.18,0.11,0.04,1.234,1.659,0.30,251.56603,30.36061,3,7
2016-07-09T17:10:16.00Z,62.0557175,6.9468961,151.094,-0.01,0.42,0.08,1.228,1.651,0.18,200.85306,44.66194,3,7
2016-07-09T17:10:16.20Z,62.0557185,6.9468994,151.084,0.24,0.78,0.10,1.226,1.650,0.26,96.45820,21.14211,3,7
2016-07-09T17:10:16.40Z,62.0557188,6.9469018,150.898,0.11,0.22,0.09,1.227,1.654,0.30,96.45820,21.14224,3,7
2016-07-09T17:10:16.60Z,62.0557182,6.9469047,150.574,-0.09,0.08,0.12,1.229,1.661,0.36,96.45820,21.14239,3,6
2016-07-09T17:10:16.80Z,62.0557181,6.9469059,150.428,0.04,0.06,0.18,1.233,1.671,0.34,96.45820,21.14254,3,6
2016-07-09T17:10:17.00Z,62.0557180,6.9469075,150.308,-0.01,0.06,0.22,1.237,1.678,0.36,96.45820,21.14269,3,6
2016-07-09T17:10:17.20Z,62.0557183,6.9469080,150.281,0.06,0.08,0.13,1.243,1.684,0.35,96.45820,21.14284,3,6
2016-07-09T17:10:17.40Z,62.0557185,6.9469087,150.220,0.06,0.09,0.16,1.249,1.691,0.36,96.45820,21.14299,3,6
2016-07-09T17:10:17.60Z,62.0557186,6.9469093,150.123,0.04,0.02,0.19,1.254,1.698,0.35,96.45820,21.14314,3,6
2016-07-09T17:10:17.80Z,62.0557190,6.9469095,150.159,0.02,0.10,0.12,1.254,1.700,0.35,96.45820,21.14329,3,6
2016-07-09T17:10:18.00Z,62.0557196,6.9469105,150.058,0.02,0.12,0.13,1.247,1.702,0.34,96.45820,21.14343,3,6
2016-07-09T17:10:18.20Z,62.0557197,6.9469114,149.975,-0.08,0.12,0.15,1.243,1.709,0.36,96.45820,21.14358,3,6
2016-07-09T17:10:18.40Z,62.0557202,6.9469118,149.943,0.02,0.08,0.18,1.239,1.715,0.36,96.45820,21.14374,3,7
2016-07-09T17:10:18.60Z,62.0557196,6.9469099,150.123,-0.54,-0.32,-0.13,1.239,1.724,0.32,155.59507,20.32597,3,7
2016-07-09T17:10:18.80Z,62.0557202,6.9469092,149.864,0.01,-0.13,0.40,1.222,1.711,0.28,155.59507,20.32616,3,7
2016-07-09T17:10:19.00Z,62.0557210,6.9469077,150.048,-0.09,-0.01,0.08,1.206,1.697,0.29,155.59507,20.32629,3,7
2016-07-09T17:10:19.20Z,62.0557213,6.9469070,150.162,0.01,0.07,0.11,1.198,1.686,0.23,155.59507,20.32639,3,7
2016-07-09T17:10:19.40Z,62.0557215,6.9469052,150.227,0.17,-0.41,-0.20,1.194,1.680,0.22,188.78040,35.99877,3,7
2016-07-09T17:10:19.60Z,62.0557239,6.9469032,150.036,1.52,-0.51,0.61,1.191,1.675,0.25,334.49002,7.83029,3,7
2016-07-09T17:10:19.80Z,62.0557245,6.9469013,149.815,0.07,-0.52,0.73,1.187,1.672,0.22,332.20655,38.15169,3,7
2016-07-09T17:10:20.00Z,62.0557239,6.9468999,149.793,-0.50,-0.31,0.41,1.181,1.666,0.30,233.73069,18.06576,3,7
2016-07-09T17:10:20.20Z,62.0557243,6.9468994,149.868,-0.19,-0.27,0.19,1.174,1.658,0.25,234.07916,37.36394,3,7
2016-07-09T17:10:20.40Z,62.0557250,6.9469004,149.822,-0.06,-0.06,0.07,1.163,1.649,0.26,234.07916,37.36401,3,7
2016-07-09T17:10:20.60Z,62.0557249,6.9469008,149.713,-0.09,0.06,0.32,1.157,1.645,0.32,234.07916,37.36409,3,7
2016-07-09T17:10:20.80Z,62.0557252,6.9469017,149.696,0.00,0.08,0.15,1.151,1.644,0.32,234.07916,37.36416,3,6
2016-07-09T17:10:21.00Z,62.0557259,6.9469025,149.813,-0.05,0.06,-0.08,1.145,1.644,0.21,234.07916,37.36421,3,6
2016-07-09T17:10:21.20Z,62.0557259,6.9469036,149.837,-0.01,0.24,-0.01,1.138,1.643,0.20,234.07916,37.36427,3,6
2016-07-09T17:10:21.40Z,62.0557267,6.9469060,149.912,0.26,0.51,-0.10,1.145,1.641,0.28,234.07916,37.36441,3,6
2016-07-09T17:10:21.60Z,62.0557270,6.9469071,149.948,0.13,0.29,-0.09,1.176,1.647,0.39,234.07916,37.36450,3,7
2016-07-09T17:10:21.80Z,62.0557269,6.9469078,149.924,0.05,0.07,0.03,1.223,1.656,0.56,234.07916,37.36464,3,7
2016-07-09T17:10:22.00Z,62.0557269,6.9469085,149.850,0.12,0.03,0.12,1.215,1.664,0.41,234.07916,37.36474,3,6
2016-07-09T17:10:22.20Z,62.0557273,6.9469086,149.894,0.13,0.07,0.05,1.220,1.674,0.41,234.07916,37.36484,3,6
2016-07-09T17:10:22.40Z,62.0557273,6.9469087,149.880,-0.01,-0.02,0.06,1.227,1.683,0.35,234.07916,37.36492,3,7
2016-07-09T17:10:22.60Z,62.0557278,6.9469084,149.913,0.21,-0.02,0.03,1.236,1.696,0.49,234.07916,37.36504,3,7
2016-07-09T17:10:22.80Z,62.0557279,6.9469081,149.920,0.09,-0.09,0.01,1.249,1.713,0.42,234.07916,37.36514,3,7
2016-07-09T17:10:23.00Z,62.0557281,6.9469079,149.936,0.09,-0.04,0.01,1.261,1.736,0.49,234.07916,37.36526,3,7
2016-07-09T17:10:23.20Z,62.0557281,6.9469079,149.913,0.05,0.00,0.10,1.275,1.763,0.39,234.07916,37.36535,3,7
2016-07-09T17:10:23.40Z,62.0557277,6.9469079,149.833,-0.15,-0.07,0.19,1.288,1.790,0.50,234.07916,37.36547,3,7
2016-07-09T17:10:23.60Z,62.0557281,6.9469076,149.892,-0.08,0.01,0.05,1.301,1.820,0.58,234.07916,37.36561,3,6
2016-07-09T17:10:23.80Z,62.0557283,6.9469077,149.953,-0.12,0.04,-0.09,1.314,1.852,0.44,234.07916,37.36572,3,7
2016-07-09T17:10:24.00Z,62.0557285,6.9469083,150.012,-0.07,0.21,0.01,1.324,1.887,0.35,234.07916,37.36580,3,7
2016-07-09T17:10:24.20Z,62.0557289,6.9469084,150.011,-0.11,0.03,-0.05,1.331,1.906,0.39,234.07916,37.36590,3,7
2016-07-09T17:10:24.40Z,62.0557292,6.9469081,150.081,-0.10,0.00,-0.16,1.338,1.919,0.37,234.07916,37.36599,3,7
2016-07-09T17:10:24.60Z,62.0557297,6.9469083,150.074,0.04,-0.03,-0.16,1.344,1.932,0.46,234.07916,37.36610,3,7
2016-07-09T17:10:24.80Z,62.0557299,6.9469082,150.041,0.24,-0.14,-0.12,1.337,1.927,0.43,234.07916,37.36620,3,7
2016-07-09T17:10:25.00Z,62.0557301,6.9469068,150.012,0.23,-0.32,-0.06,1.332,1.900,0.33,234.07916,37.36630,3,7
2016-07-09T17:10:25.20Z,62.0557300,6.9469067,149.996,0.09,-0.10,-0.05,1.324,1.879,0.33,234.07916,37.36638,3,7
2016-07-09T17:10:25.40Z,62.0557307,6.9469055,150.098,0.12,-0.04,-0.02,1.312,1.863,0.32,234.07916,37.36645,3,7
2016-07-09T17:10:25.60Z,62.0557310,6.9469044,150.185,0.09,-0.03,-0.09,1.297,1.850,0.32,234.07916,37.36653,3,7
2016-07-09T17:10:25.80Z,62.0557304,6.9469034,150.264,0.06,-0.01,-0.09,1.280,1.836,0.32,234.07916,37.36660,3,7
2016-07-09T17:10:26.00Z,62.0557310,6.9469011,150.488,0.05,-0.07,-0.21,1.264,1.822,0.32,234.07916,37.36668,3,7
2016-07-09T17:10:26.20Z,62.0557319,6.9468991,150.691,0.12,-0.03,-0.10,1.251,1.810,0.34,234.07916,37.36676,3,7
2016-07-09T17:10:26.40Z,62.0557320,6.9468975,150.737,0.08,-0.05,0.05,1.236,1.794,0.18,234.07916,37.36681,3,7
2016-07-09T17:10:26.60Z,62.0557323,6.9468965,150.969,-0.08,0.14,0.05,1.223,1.780,0.26,234.07916,37.36687,3,7
2016-07-09T17:10:26.80Z,62.0557321,6.9468957,151.023,-0.03,0.07,0.07,1.215,1.767,0.30,234.07916,37.36694,3,7
2016-07-09T17:10:27.00Z,62.0557318,6.9468943,151.154,-0.05,0.06,0.09,1.210,1.757,0.33,234.07916,37.36702,3,7
2016-07-09T17:10:27.20Z,62.0557312,6.9468950,151.042,-0.03,0.06,0.08,1.206,1.749,0.32,234.07916,37.36710,3,7
2016-07-09T17:10:27.40Z,62.0557314,6.9468939,151.216,-0.06,-0.05,0.00,1.202,1.743,0.28,234.07916,37.36716,3,7
